:START_ID,:END_ID,:TYPE,date
USER_KHH0035,DR_KAL_00000,EXPERIENCED,2024-06-08
USER_KHH0035,DR_KAL_00001,EXPERIENCED,2026-06-06
USER_KHH0003,DR_KAL_00002,EXPERIENCED,2024-06-12
USER_KHH0035,DR_KAL_00003,EXPERIENCED,2026-06-07
USER_KHH0035,DR_KAL_00004,EXPERIENCED,2026-06-03
USER_KHH0035,DR_KAL_00005,EXPERIENCED,2024-05-03
USER_KHH0035,DR_KAL_00006,EXPERIENCED,2024-06-07
USER_KHH0052,DR_KAL_00007,EXPERIENCED,2024-05-06
USER_KHH0003,DR_KAL_00008,EXPERIENCED,2026-06-16
USER_KHH0003,DR_KAL_00009,EXPERIENCED,2026-05-22
USER_KHH0035,DR_KAL_00010,EXPERIENCED,2024-05-02
USER_KHH0003,DR_KAL_00011,EXPERIENCED,2025-05-12
USER_KHH0052,DR_KAL_00012,EXPERIENCED,2026-06-16
USER_KHH0035,DR_KAL_00013,EXPERIENCED,2024-06-06
USER_KHH0035,DR_KAL_00014,EXPERIENCED,2024-05-19
USER_KHH0003,DR_KAL_00015,EXPERIENCED,2026-05-25
USER_KHH0003,DR_KAL_00016,EXPERIENCED,2024-06-14
USER_KHH0003,DR_KAL_00017,EXPERIENCED,2024-09-19
USER_KHH0035,DR_KAL_00018,EXPERIENCED,2026-06-08
USER_KHH0003,DR_KAL_00019,EXPERIENCED,2026-06-21
USER_KHH0003,DR_KAL_00020,EXPERIENCED,2024-05-03
USER_KHH0035,DR_KAL_00021,EXPERIENCED,2024-05-21
USER_KHH0003,DR_KAL_00022,EXPERIENCED,2026-05-23
USER_KHH0035,DR_KAL_00023,EXPERIENCED,2026-06-16
USER_KHH0035,DR_KAL_00024,EXPERIENCED,2026-06-19
USER_KHH0003,DR_KAL_00025,EXPERIENCED,2026-06-20
USER_KHH0035,DR_KAL_00026,EXPERIENCED,2024-05-24
USER_KHH0035,DR_KAL_00027,EXPERIENCED,2024-05-27
USER_KHH0035,DR_KAL_00028,EXPERIENCED,2026-06-22
USER_KHH0003,DR_KAL_00029,EXPERIENCED,2026-06-10
USER_KHH0035,DR_KAL_00030,EXPERIENCED,2026-06-13
USER_KHH0003,DR_KAL_00031,EXPERIENCED,2024-06-07
USER_KHH0003,DR_KAL_00032,EXPERIENCED,2024-06-10
USER_KHH0035,DR_KAL_00033,EXPERIENCED,2024-05-16
USER_KHH0035,DR_KAL_00034,EXPERIENCED,2024-06-10
USER_KHH0035,DR_KAL_00035,EXPERIENCED,2026-06-21
USER_KHH0035,DR_KAL_00036,EXPERIENCED,2024-05-15
USER_KHH0035,DR_KAL_00037,EXPERIENCED,2024-06-05
USER_KHH0003,DR_KAL_00038,EXPERIENCED,2024-05-25
USER_KHH0035,DR_KAL_00039,EXPERIENCED,2024-06-15
USER_KHH0003,DR_KAL_00040,EXPERIENCED,2024-06-03
USER_KHH0003,DR_KAL_00041,EXPERIENCED,2024-05-21
USER_KHH0003,DR_KAL_00042,EXPERIENCED,2026-04-24
USER_KHH0035,DR_KAL_00043,EXPERIENCED,2024-06-02
USER_KHH0035,DR_KAL_00044,EXPERIENCED,2024-05-04
USER_KHH0003,DR_KAL_00045,EXPERIENCED,2026-06-22
USER_KHH0003,DR_KAL_00046,EXPERIENCED,2024-05-26
USER_KHH0035,DR_KAL_00047,EXPERIENCED,2024-06-03
USER_KHH0003,DR_KAL_00048,EXPERIENCED,2026-06-15
USER_KHH0003,DR_KAL_00049,EXPERIENCED,2024-09-21
USER_KHH0003,DR_KAL_00050,EXPERIENCED,2024-05-05
USER_KHH0035,DR_KAL_00051,EXPERIENCED,2024-05-20
USER_KHH0003,DR_KAL_00052,EXPERIENCED,2024-05-04
USER_KHH0009,DR_KAL_00053,EXPERIENCED,2024-06-09
USER_KHH0035,DR_KAL_00054,EXPERIENCED,2026-05-24
USER_KHH0003,DR_KAL_00055,EXPERIENCED,2024-09-23
USER_KHH0035,DR_KAL_00056,EXPERIENCED,2025-05-11
USER_KHH0003,DR_KAL_00057,EXPERIENCED,2026-06-12
USER_KHH0003,DR_KAL_00058,EXPERIENCED,2026-05-20
USER_KHH0035,DR_KAL_00059,EXPERIENCED,2026-04-23
USER_KHH0009,DR_KAL_00060,EXPERIENCED,2026-06-18
USER_KHH0003,DR_KAL_00061,EXPERIENCED,2024-05-19
USER_KHH0035,DR_KAL_00062,EXPERIENCED,2024-05-05
USER_KHH0003,DR_KAL_00063,EXPERIENCED,2024-05-15
USER_KHH0009,DR_KAL_00064,EXPERIENCED,2024-05-05
USER_KHH0003,DR_KAL_00065,EXPERIENCED,2026-06-11
USER_KHH0009,DR_KAL_00066,EXPERIENCED,2026-06-14
USER_KHH0003,DR_KAL_00067,EXPERIENCED,2024-04-30
USER_KHH0069,DR_KAL_00068,EXPERIENCED,2026-06-14
USER_KHH0035,DR_KAL_00069,EXPERIENCED,2026-04-25
USER_KHH0003,DR_KAL_00070,EXPERIENCED,2024-06-02
USER_KHH0066,DR_KAL_00071,EXPERIENCED,2024-05-09
USER_KHH0003,DR_KAL_00072,EXPERIENCED,2025-05-11
USER_KHH0003,DR_KAL_00073,EXPERIENCED,2024-05-31
USER_KHH0035,DR_KAL_00074,EXPERIENCED,2026-06-23
USER_KHH0035,DR_KAL_00075,EXPERIENCED,2026-06-14
USER_KHH0035,DR_KAL_00076,EXPERIENCED,2024-05-22
USER_KHH0066,DR_KAL_00077,EXPERIENCED,2024-05-26
USER_KHH0035,DR_KAL_00078,EXPERIENCED,2025-05-10
USER_KHH0009,DR_KAL_00079,EXPERIENCED,2024-06-14
USER_KHH0035,DR_KAL_00080,EXPERIENCED,2024-09-19
USER_KHH0003,DR_KAL_00081,EXPERIENCED,2026-04-22
USER_KHH0003,DR_KAL_00082,EXPERIENCED,2025-05-13
USER_KHH0069,DR_KAL_00083,EXPERIENCED,2024-06-06
USER_KHH0035,DR_KAL_00084,EXPERIENCED,2026-05-21
USER_KHH0042,DR_KAL_00085,EXPERIENCED,2024-05-27
USER_KHH0042,DR_KAL_00086,EXPERIENCED,2026-06-27
USER_KHH0009,DR_KAL_00087,EXPERIENCED,2024-04-27
USER_KHH0003,DR_KAL_00088,EXPERIENCED,2024-05-27
USER_KHH0035,DR_KAL_00089,EXPERIENCED,2026-06-25
USER_KHH0009,DR_KAL_00090,EXPERIENCED,2026-05-25
USER_KHH0003,DR_KAL_00091,EXPERIENCED,2024-05-22
USER_KHH0023,DR_KAL_00092,EXPERIENCED,2026-06-10
USER_KHH0035,DR_KAL_00093,EXPERIENCED,2026-06-12
USER_KHH0009,DR_KAL_00094,EXPERIENCED,2026-06-21
USER_KHH0052,DR_KAL_00095,EXPERIENCED,2026-06-17
USER_KHH0023,DR_KAL_00096,EXPERIENCED,2024-05-03
USER_KHH0003,DR_KAL_00097,EXPERIENCED,2026-05-24
USER_KHH0009,DR_KAL_00098,EXPERIENCED,2024-05-06
USER_KHH0035,DR_KAL_00099,EXPERIENCED,2026-06-17
USER_KHH0023,DR_KAL_00100,EXPERIENCED,2026-06-04
USER_KHH0003,DR_KAL_00101,EXPERIENCED,2026-04-25
USER_KHH0003,DR_KAL_00102,EXPERIENCED,2024-06-09
USER_KHH0066,DR_KAL_00103,EXPERIENCED,2026-06-24
USER_KHH0048,DR_KAL_00104,EXPERIENCED,2024-06-07
USER_KHH0069,DR_KAL_00105,EXPERIENCED,2024-06-09
USER_KHH0045,DR_KAL_00106,EXPERIENCED,2026-06-27
USER_KHH0069,DR_KAL_00107,EXPERIENCED,2024-05-10
USER_KHH0003,DR_KAL_00108,EXPERIENCED,2026-06-07
USER_KHH0052,DR_KAL_00109,EXPERIENCED,2024-05-27
USER_KHH0045,DR_KAL_00110,EXPERIENCED,2024-06-09
USER_KHH0045,DR_KAL_00111,EXPERIENCED,2024-05-03
USER_KHH0003,DR_KAL_00112,EXPERIENCED,2024-05-24
USER_KHH0035,DR_KAL_00113,EXPERIENCED,2025-05-13
USER_KHH0069,DR_KAL_00114,EXPERIENCED,2026-04-22
USER_KHH0069,DR_KAL_00115,EXPERIENCED,2024-05-06
USER_KHH0003,DR_KAL_00116,EXPERIENCED,2024-05-06
USER_KHH0003,DR_KAL_00117,EXPERIENCED,2026-06-24
USER_KHH0045,DR_KAL_00118,EXPERIENCED,2024-06-08
USER_KHH0045,DR_KAL_00119,EXPERIENCED,2024-04-28
USER_KHH0069,DR_KAL_00120,EXPERIENCED,2024-05-25
USER_KHH0003,DR_KAL_00121,EXPERIENCED,2026-04-23
USER_KHH0009,DR_KAL_00122,EXPERIENCED,2024-04-30
USER_KHH0023,DR_KAL_00123,EXPERIENCED,2024-06-07
USER_KHH0035,DR_KAL_00124,EXPERIENCED,2024-05-06
USER_KHH0035,DR_KAL_00125,EXPERIENCED,2026-06-10
USER_KHH0003,DR_KAL_00126,EXPERIENCED,2026-05-21
USER_KHH0069,DR_KAL_00127,EXPERIENCED,2024-09-23
USER_KHH0069,DR_KAL_00128,EXPERIENCED,2026-06-23
USER_KHH0052,DR_KAL_00129,EXPERIENCED,2024-09-19
USER_KHH0009,DR_KAL_00130,EXPERIENCED,2026-06-10
USER_KHH0069,DR_KAL_00131,EXPERIENCED,2026-06-13
USER_KHH0003,DR_KAL_00132,EXPERIENCED,2026-06-28
USER_KHH0023,DR_KAL_00133,EXPERIENCED,2026-06-15
USER_KHH0069,DR_KAL_00134,EXPERIENCED,2024-05-19
USER_KHH0003,DR_KAL_00135,EXPERIENCED,2026-06-06
USER_KHH0042,DR_KAL_00136,EXPERIENCED,2024-05-24
USER_KHH0069,DR_KAL_00137,EXPERIENCED,2024-05-04
USER_KHH0045,DR_KAL_00138,EXPERIENCED,2024-09-20
USER_KHH0018,DR_KAL_00139,EXPERIENCED,2024-06-08
USER_KHH0003,DR_KAL_00140,EXPERIENCED,2024-09-24
USER_KHH0042,DR_KAL_00141,EXPERIENCED,2024-06-08
USER_KHH0045,DR_KAL_00142,EXPERIENCED,2026-05-20
USER_KHH0042,DR_KAL_00143,EXPERIENCED,2026-06-14
USER_KHH0009,DR_KAL_00144,EXPERIENCED,2024-05-09
USER_KHH0045,DR_KAL_00145,EXPERIENCED,2026-06-07
USER_KHH0069,DR_KAL_00146,EXPERIENCED,2024-06-15
USER_KHH0023,DR_KAL_00147,EXPERIENCED,2024-06-09
USER_KHH0069,DR_KAL_00148,EXPERIENCED,2024-06-03
USER_KHH0069,DR_KAL_00149,EXPERIENCED,2025-05-12
USER_KHH0003,DR_KAL_00150,EXPERIENCED,2024-05-29
USER_KHH0045,DR_KAL_00151,EXPERIENCED,2025-05-11
USER_KHH0052,DR_KAL_00152,EXPERIENCED,2024-05-10
USER_KHH0023,DR_KAL_00153,EXPERIENCED,2024-05-18
USER_KHH0023,DR_KAL_00154,EXPERIENCED,2024-05-27
USER_KHH0003,DR_KAL_00155,EXPERIENCED,2026-06-18
USER_KHH0048,DR_KAL_00156,EXPERIENCED,2025-05-13
USER_KHH0003,DR_KAL_00157,EXPERIENCED,2026-06-13
USER_KHH0069,DR_KAL_00158,EXPERIENCED,2026-06-22
USER_KHH0035,DR_KAL_00159,EXPERIENCED,2026-05-25
USER_KHH0042,DR_KAL_00160,EXPERIENCED,2026-06-06
USER_KHH0066,DR_KAL_00161,EXPERIENCED,2024-06-14
USER_KHH0048,DR_KAL_00162,EXPERIENCED,2026-05-24
USER_KHH0078,DR_KAL_00163,EXPERIENCED,2024-05-02
USER_KHH0045,DR_KAL_00164,EXPERIENCED,2026-06-28
USER_KHH0003,DR_KAL_00165,EXPERIENCED,2024-05-01
USER_KHH0042,DR_KAL_00166,EXPERIENCED,2026-06-12
USER_KHH0042,DR_KAL_00167,EXPERIENCED,2024-06-03
USER_KHH0009,DR_KAL_00168,EXPERIENCED,2026-06-17
USER_KHH0048,DR_KAL_00169,EXPERIENCED,2026-06-05
USER_KHH0045,DR_KAL_00170,EXPERIENCED,2024-06-07
USER_KHH0035,DR_KAL_00171,EXPERIENCED,2026-04-24
USER_KHH0035,DR_KAL_00172,EXPERIENCED,2024-05-30
USER_KHH0052,DR_KAL_00173,EXPERIENCED,2026-05-25
USER_KHH0052,DR_KAL_00174,EXPERIENCED,2026-06-09
USER_KHH0052,DR_KAL_00175,EXPERIENCED,2026-06-22
USER_KHH0023,DR_KAL_00176,EXPERIENCED,2026-06-19
USER_KHH0045,DR_KAL_00177,EXPERIENCED,2024-05-27
USER_KHH0048,DR_KAL_00178,EXPERIENCED,2026-06-03
USER_KHH0009,DR_KAL_00179,EXPERIENCED,2026-06-11
USER_KHH0009,DR_KAL_00180,EXPERIENCED,2024-05-22
USER_KHH0052,DR_KAL_00181,EXPERIENCED,2026-06-08
USER_KHH0003,DR_KAL_00182,EXPERIENCED,2024-05-02
USER_KHH0048,DR_KAL_00183,EXPERIENCED,2026-06-15
USER_KHH0018,DR_KAL_00184,EXPERIENCED,2026-06-15
USER_KHH0045,DR_KAL_00185,EXPERIENCED,2026-06-14
USER_KHH0009,DR_KAL_00186,EXPERIENCED,2024-05-01
USER_KHH0023,DR_KAL_00187,EXPERIENCED,2024-09-21
USER_KHH0069,DR_KAL_00188,EXPERIENCED,2026-06-04
USER_KHH0045,DR_KAL_00189,EXPERIENCED,2024-05-21
USER_KHH0035,DR_KAL_00190,EXPERIENCED,2024-06-13
USER_KHH0045,DR_KAL_00191,EXPERIENCED,2024-05-30
USER_KHH0052,DR_KAL_00192,EXPERIENCED,2024-05-26
USER_KHH0060,DR_KAL_00193,EXPERIENCED,2024-05-05
USER_KHH0003,DR_KAL_00194,EXPERIENCED,2026-06-03
USER_KHH0033,DR_KAL_00195,EXPERIENCED,2026-06-24
USER_KHH0009,DR_KAL_00196,EXPERIENCED,2025-05-12
USER_KHH0052,DR_KAL_00197,EXPERIENCED,2024-04-26
USER_KHH0009,DR_KAL_00198,EXPERIENCED,2026-06-22
USER_KHH0009,DR_KAL_00199,EXPERIENCED,2024-06-03
USER_KHH0023,DR_KAL_00200,EXPERIENCED,2024-09-23
USER_KHH0048,DR_KAL_00201,EXPERIENCED,2024-09-21
USER_KHH0031,DR_KAL_00202,EXPERIENCED,2024-05-09
USER_KHH0069,DR_KAL_00203,EXPERIENCED,2026-06-18
USER_KHH0009,DR_KAL_00204,EXPERIENCED,2026-04-26
USER_KHH0069,DR_KAL_00205,EXPERIENCED,2024-05-17
USER_KHH0023,DR_KAL_00206,EXPERIENCED,2024-09-22
USER_KHH0045,DR_KAL_00207,EXPERIENCED,2026-05-25
USER_KHH0069,DR_KAL_00208,EXPERIENCED,2024-06-01
USER_KHH0069,DR_KAL_00209,EXPERIENCED,2024-06-11
USER_KHH0042,DR_KAL_00210,EXPERIENCED,2026-06-05
USER_KHH0033,DR_KAL_00211,EXPERIENCED,2026-06-18
USER_KHH0052,DR_KAL_00212,EXPERIENCED,2024-05-31
USER_KHH0048,DR_KAL_00213,EXPERIENCED,2026-05-25
USER_KHH0009,DR_KAL_00214,EXPERIENCED,2024-05-15
USER_KHH0072,DR_KAL_00215,EXPERIENCED,2025-05-13
USER_KHH0009,DR_KAL_00216,EXPERIENCED,2024-04-26
USER_KHH0052,DR_KAL_00217,EXPERIENCED,2024-05-04
USER_KHH0033,DR_KAL_00218,EXPERIENCED,2026-06-27
USER_KHH0003,DR_KAL_00219,EXPERIENCED,2024-06-08
USER_KHH0045,DR_KAL_00220,EXPERIENCED,2024-09-23
USER_KHH0048,DR_KAL_00221,EXPERIENCED,2026-06-24
USER_KHH0045,DR_KAL_00222,EXPERIENCED,2024-05-29
USER_KHH0003,DR_KAL_00223,EXPERIENCED,2024-09-22
USER_KHH0033,DR_KAL_00224,EXPERIENCED,2024-06-03
USER_KHH0074,DR_KAL_00225,EXPERIENCED,2024-06-07
USER_KHH0009,DR_KAL_00226,EXPERIENCED,2024-05-10
USER_KHH0060,DR_KAL_00227,EXPERIENCED,2024-05-06
USER_KHH0069,DR_KAL_00228,EXPERIENCED,2026-06-07
USER_KHH0018,DR_KAL_00229,EXPERIENCED,2026-06-10
USER_KHH0069,DR_KAL_00230,EXPERIENCED,2024-05-31
USER_KHH0023,DR_KAL_00231,EXPERIENCED,2026-06-14
USER_KHH0003,DR_KAL_00232,EXPERIENCED,2026-06-05
USER_KHH0052,DR_KAL_00233,EXPERIENCED,2026-04-26
USER_KHH0042,DR_KAL_00234,EXPERIENCED,2026-06-03
USER_KHH0032,DR_KAL_00235,EXPERIENCED,2026-05-20
USER_KHH0009,DR_KAL_00236,EXPERIENCED,2026-06-24
USER_KHH0045,DR_KAL_00237,EXPERIENCED,2026-06-11
USER_KHH0009,DR_KAL_00238,EXPERIENCED,2026-04-23
USER_KHH0031,DR_KAL_00239,EXPERIENCED,2024-06-09
USER_KHH0009,DR_KAL_00240,EXPERIENCED,2026-06-13
USER_KHH0042,DR_KAL_00241,EXPERIENCED,2026-06-21
USER_KHH0052,DR_KAL_00242,EXPERIENCED,2026-05-23
USER_KHH0031,DR_KAL_00243,EXPERIENCED,2026-06-12
USER_KHH0009,DR_KAL_00244,EXPERIENCED,2024-09-23
USER_KHH0003,DR_KAL_00245,EXPERIENCED,2026-06-09
USER_KHH0045,DR_KAL_00246,EXPERIENCED,2024-05-16
USER_KHH0045,DR_KAL_00247,EXPERIENCED,2024-05-17
USER_KHH0033,DR_KAL_00248,EXPERIENCED,2026-06-07
USER_KHH0023,DR_KAL_00249,EXPERIENCED,2024-05-26
USER_KHH0046,DR_KAL_00250,EXPERIENCED,2024-06-04
USER_KHH0009,DR_KAL_00251,EXPERIENCED,2024-04-29
USER_KHH0045,DR_KAL_00252,EXPERIENCED,2024-06-11
USER_KHH0069,DR_KAL_00253,EXPERIENCED,2024-09-22
USER_KHH0048,DR_KAL_00254,EXPERIENCED,2024-05-25
USER_KHH0009,DR_KAL_00255,EXPERIENCED,2026-06-09
USER_KHH0048,DR_KAL_00256,EXPERIENCED,2026-06-19
USER_KHH0097,DR_KAL_00257,EXPERIENCED,2024-05-03
USER_KHH0052,DR_KAL_00258,EXPERIENCED,2026-06-26
USER_KHH0042,DR_KAL_00259,EXPERIENCED,2024-04-27
USER_KHH0023,DR_KAL_00260,EXPERIENCED,2024-06-13
USER_KHH0003,DR_KAL_00261,EXPERIENCED,2024-05-23
USER_KHH0060,DR_KAL_00262,EXPERIENCED,2026-05-23
USER_KHH0052,DR_KAL_00263,EXPERIENCED,2026-06-04
USER_KHH0009,DR_KAL_00264,EXPERIENCED,2026-06-28
USER_KHH0009,DR_KAL_00265,EXPERIENCED,2024-06-01
USER_KHH0052,DR_KAL_00266,EXPERIENCED,2026-04-23
USER_KHH0023,DR_KAL_00267,EXPERIENCED,2024-06-04
USER_KHH0060,DR_KAL_00268,EXPERIENCED,2024-05-31
USER_KHH0023,DR_KAL_00269,EXPERIENCED,2026-06-11
USER_KHH0066,DR_KAL_00270,EXPERIENCED,2026-06-12
USER_KHH0045,DR_KAL_00271,EXPERIENCED,2025-05-10
USER_KHH0072,DR_KAL_00272,EXPERIENCED,2026-06-10
USER_KHH0003,DR_KAL_00273,EXPERIENCED,2026-06-14
USER_KHH0048,DR_KAL_00274,EXPERIENCED,2024-05-23
USER_KHH0009,DR_KAL_00275,EXPERIENCED,2024-05-16
USER_KHH0045,DR_KAL_00276,EXPERIENCED,2024-09-19
USER_KHH0003,DR_KAL_00277,EXPERIENCED,2024-06-15
USER_KHH0065,DR_KAL_00278,EXPERIENCED,2024-09-22
USER_KHH0046,DR_KAL_00279,EXPERIENCED,2024-05-19
USER_KHH0023,DR_KAL_00280,EXPERIENCED,2026-05-23
USER_KHH0069,DR_KAL_00281,EXPERIENCED,2026-06-16
USER_KHH0069,DR_KAL_00282,EXPERIENCED,2026-06-11
USER_KHH0035,DR_KAL_00283,EXPERIENCED,2024-04-27
USER_KHH0023,DR_KAL_00284,EXPERIENCED,2025-05-10
USER_KHH0052,DR_KAL_00285,EXPERIENCED,2026-04-25
USER_KHH0009,DR_KAL_00286,EXPERIENCED,2025-05-10
USER_KHH0042,DR_KAL_00287,EXPERIENCED,2026-06-16
USER_KHH0066,DR_KAL_00288,EXPERIENCED,2026-06-18
USER_KHH0060,DR_KAL_00289,EXPERIENCED,2024-05-16
USER_KHH0066,DR_KAL_00290,EXPERIENCED,2026-06-27
USER_KHH0048,DR_KAL_00291,EXPERIENCED,2026-06-20
USER_KHH0065,DR_KAL_00292,EXPERIENCED,2024-06-13
USER_KHH0052,DR_KAL_00293,EXPERIENCED,2024-04-28
USER_KHH0060,DR_KAL_00294,EXPERIENCED,2026-06-17
USER_KHH0070,DR_KAL_00295,EXPERIENCED,2026-06-22
USER_KHH0023,DR_KAL_00296,EXPERIENCED,2024-05-15
USER_KHH0095,DR_KAL_00297,EXPERIENCED,2026-06-08
USER_KHH0065,DR_KAL_00298,EXPERIENCED,2026-06-13
USER_KHH0052,DR_KAL_00299,EXPERIENCED,2026-06-21
USER_KHH0042,DR_KAL_00300,EXPERIENCED,2024-09-23
USER_KHH0065,DR_KAL_00301,EXPERIENCED,2024-09-21
USER_KHH0023,DR_KAL_00302,EXPERIENCED,2026-05-21
USER_KHH0060,DR_KAL_00303,EXPERIENCED,2026-06-25
USER_KHH0032,DR_KAL_00304,EXPERIENCED,2024-05-29
USER_KHH0078,DR_KAL_00305,EXPERIENCED,2024-06-12
USER_KHH0069,DR_KAL_00306,EXPERIENCED,2026-06-10
USER_KHH0052,DR_KAL_00307,EXPERIENCED,2026-06-18
USER_KHH0052,DR_KAL_00308,EXPERIENCED,2024-06-08
USER_KHH0045,DR_KAL_00309,EXPERIENCED,2024-05-10
USER_KHH0032,DR_KAL_00310,EXPERIENCED,2025-05-11
USER_KHH0042,DR_KAL_00311,EXPERIENCED,2024-06-12
USER_KHH0048,DR_KAL_00312,EXPERIENCED,2024-04-30
USER_KHH0035,DR_KAL_00313,EXPERIENCED,2024-05-09
USER_KHH0052,DR_KAL_00314,EXPERIENCED,2026-06-14
USER_KHH0023,DR_KAL_00315,EXPERIENCED,2024-06-12
USER_KHH0003,DR_KAL_00316,EXPERIENCED,2024-06-01
USER_KHH0052,DR_KAL_00317,EXPERIENCED,2024-05-22
USER_KHH0092,DR_KAL_00318,EXPERIENCED,2026-06-17
USER_KHH0042,DR_KAL_00319,EXPERIENCED,2024-05-26
USER_KHH0078,DR_KAL_00320,EXPERIENCED,2026-06-09
USER_KHH0045,DR_KAL_00321,EXPERIENCED,2024-05-05
USER_KHH0009,DR_KAL_00322,EXPERIENCED,2024-09-24
USER_KHH0052,DR_KAL_00323,EXPERIENCED,2024-06-05
USER_KHH0066,DR_KAL_00324,EXPERIENCED,2024-06-15
USER_KHH0033,DR_KAL_00325,EXPERIENCED,2024-04-26
USER_KHH0069,DR_KAL_00326,EXPERIENCED,2026-05-24
USER_KHH0009,DR_KAL_00327,EXPERIENCED,2024-06-06
USER_KHH0042,DR_KAL_00328,EXPERIENCED,2024-06-07
USER_KHH0009,DR_KAL_00329,EXPERIENCED,2024-06-05
USER_KHH0052,DR_KAL_00330,EXPERIENCED,2024-06-11
USER_KHH0048,DR_KAL_00331,EXPERIENCED,2026-06-26
USER_KHH0042,DR_KAL_00332,EXPERIENCED,2024-05-20
USER_KHH0048,DR_KAL_00333,EXPERIENCED,2024-05-22
USER_KHH0052,DR_KAL_00334,EXPERIENCED,2026-06-06
USER_KHH0048,DR_KAL_00335,EXPERIENCED,2024-05-04
USER_KHH0042,DR_KAL_00336,EXPERIENCED,2024-06-13
USER_KHH0045,DR_KAL_00337,EXPERIENCED,2024-05-26
USER_KHH0052,DR_KAL_00338,EXPERIENCED,2026-06-19
USER_KHH0052,DR_KAL_00339,EXPERIENCED,2024-06-04
USER_KHH0052,DR_KAL_00340,EXPERIENCED,2024-06-06
USER_KHH0046,DR_KAL_00341,EXPERIENCED,2026-06-19
USER_KHH0069,DR_KAL_00342,EXPERIENCED,2026-06-20
USER_KHH0045,DR_KAL_00343,EXPERIENCED,2024-05-22
USER_KHH0003,DR_KAL_00344,EXPERIENCED,2024-05-18
USER_KHH0042,DR_KAL_00345,EXPERIENCED,2026-06-04
USER_KHH0069,DR_KAL_00346,EXPERIENCED,2024-06-13
USER_KHH0070,DR_KAL_00347,EXPERIENCED,2026-06-13
USER_KHH0033,DR_KAL_00348,EXPERIENCED,2026-04-22
USER_KHH0003,DR_KAL_00349,EXPERIENCED,2024-05-20
USER_KHH0042,DR_KAL_00350,EXPERIENCED,2026-06-18
USER_KHH0072,DR_KAL_00351,EXPERIENCED,2026-04-25
USER_KHH0092,DR_KAL_00352,EXPERIENCED,2024-05-06
USER_KHH0074,DR_KAL_00353,EXPERIENCED,2024-05-06
USER_KHH0032,DR_KAL_00354,EXPERIENCED,2026-06-12
USER_KHH0088,DR_KAL_00355,EXPERIENCED,2026-06-13
USER_KHH0072,DR_KAL_00356,EXPERIENCED,2026-06-08
USER_KHH0042,DR_KAL_00357,EXPERIENCED,2025-05-10
USER_KHH0069,DR_KAL_00358,EXPERIENCED,2024-05-03
USER_KHH0069,DR_KAL_00359,EXPERIENCED,2024-05-22
USER_KHH0042,DR_KAL_00360,EXPERIENCED,2024-05-06
USER_KHH0052,DR_KAL_00361,EXPERIENCED,2024-05-25
USER_KHH0045,DR_KAL_00362,EXPERIENCED,2026-06-15
USER_KHH0069,DR_KAL_00363,EXPERIENCED,2025-05-13
USER_KHH0003,DR_KAL_00364,EXPERIENCED,2024-05-10
USER_KHH0042,DR_KAL_00365,EXPERIENCED,2024-06-15
USER_KHH0003,DR_KAL_00366,EXPERIENCED,2024-05-17
USER_KHH0035,DR_KAL_00367,EXPERIENCED,2024-05-18
USER_KHH0003,DR_KAL_00368,EXPERIENCED,2024-06-04
USER_KHH0003,DR_KAL_00369,EXPERIENCED,2024-05-30
USER_KHH0069,DR_KAL_00370,EXPERIENCED,2025-05-11
USER_KHH0031,DR_KAL_00371,EXPERIENCED,2024-09-20
USER_KHH0074,DR_KAL_00372,EXPERIENCED,2024-06-06
USER_KHH0035,DR_KAL_00373,EXPERIENCED,2024-05-17
USER_KHH0009,DR_KAL_00374,EXPERIENCED,2026-05-24
USER_KHH0092,DR_KAL_00375,EXPERIENCED,2024-09-20
USER_KHH0052,DR_KAL_00376,EXPERIENCED,2026-06-23
USER_KHH0070,DR_KAL_00377,EXPERIENCED,2025-05-13
USER_KHH0048,DR_KAL_00378,EXPERIENCED,2026-04-22
USER_KHH0065,DR_KAL_00379,EXPERIENCED,2025-05-11
USER_KHH0048,DR_KAL_00380,EXPERIENCED,2026-06-10
USER_KHH0069,DR_KAL_00381,EXPERIENCED,2024-05-02
USER_KHH0018,DR_KAL_00382,EXPERIENCED,2024-05-31
USER_KHH0045,DR_KAL_00383,EXPERIENCED,2024-05-06
USER_KHH0003,DR_KAL_00384,EXPERIENCED,2026-06-19
USER_KHH0042,DR_KAL_00385,EXPERIENCED,2026-04-23
USER_KHH0065,DR_KAL_00386,EXPERIENCED,2024-05-30
USER_KHH0060,DR_KAL_00387,EXPERIENCED,2026-06-08
USER_KHH0042,DR_KAL_00388,EXPERIENCED,2024-06-10
USER_KHH0018,DR_KAL_00389,EXPERIENCED,2026-06-22
USER_KHH0092,DR_KAL_00390,EXPERIENCED,2026-06-06
USER_KHH0060,DR_KAL_00391,EXPERIENCED,2024-05-03
USER_KHH0060,DR_KAL_00392,EXPERIENCED,2024-05-30
USER_KHH0069,DR_KAL_00393,EXPERIENCED,2026-04-23
USER_KHH0009,DR_KAL_00394,EXPERIENCED,2024-05-21
USER_KHH0048,DR_KAL_00395,EXPERIENCED,2026-06-28
USER_KHH0018,DR_KAL_00396,EXPERIENCED,2026-06-14
USER_KHH0092,DR_KAL_00397,EXPERIENCED,2026-06-14
USER_KHH0069,DR_KAL_00398,EXPERIENCED,2024-05-27
USER_KHH0052,DR_KAL_00399,EXPERIENCED,2026-04-24
USER_DHH0020,DR_DHA_00000,EXPERIENCED,2024-05-04
USER_DHH0020,DR_DHA_00001,EXPERIENCED,2025-05-17
USER_DHH0020,DR_DHA_00002,EXPERIENCED,2025-07-27
USER_DHH0020,DR_DHA_00003,EXPERIENCED,2025-08-12
USER_DHH0020,DR_DHA_00004,EXPERIENCED,2024-05-20
USER_DHH0020,DR_DHA_00005,EXPERIENCED,2025-09-07
USER_DHH0020,DR_DHA_00006,EXPERIENCED,2024-05-24
USER_DHH0008,DR_DHA_00007,EXPERIENCED,2024-05-06
USER_DHH0008,DR_DHA_00008,EXPERIENCED,2024-05-13
USER_DHH0020,DR_DHA_00009,EXPERIENCED,2024-04-06
USER_DHH0020,DR_DHA_00010,EXPERIENCED,2025-05-31
USER_DHH0008,DR_DHA_00011,EXPERIENCED,2025-06-22
USER_DHH0008,DR_DHA_00012,EXPERIENCED,2025-05-11
USER_DHH0020,DR_DHA_00013,EXPERIENCED,2024-09-21
USER_DHH0008,DR_DHA_00014,EXPERIENCED,2024-05-12
USER_DHH0020,DR_DHA_00015,EXPERIENCED,2025-08-11
USER_DHH0020,DR_DHA_00016,EXPERIENCED,2024-06-03
USER_DHH0008,DR_DHA_00017,EXPERIENCED,2024-04-06
USER_DHH0045,DR_DHA_00018,EXPERIENCED,2025-07-26
USER_DHH0020,DR_DHA_00019,EXPERIENCED,2025-06-22
USER_DHH0059,DR_DHA_00020,EXPERIENCED,2024-04-06
USER_DHH0020,DR_DHA_00021,EXPERIENCED,2024-05-19
USER_DHH0020,DR_DHA_00022,EXPERIENCED,2024-05-05
USER_DHH0020,DR_DHA_00023,EXPERIENCED,2025-06-29
USER_DHH0020,DR_DHA_00024,EXPERIENCED,2025-05-05
USER_DHH0045,DR_DHA_00025,EXPERIENCED,2025-08-09
USER_DHH0020,DR_DHA_00026,EXPERIENCED,2024-05-13
USER_DHH0020,DR_DHA_00027,EXPERIENCED,2025-05-10
USER_DHH0020,DR_DHA_00028,EXPERIENCED,2024-04-28
USER_DHH0020,DR_DHA_00029,EXPERIENCED,2025-08-09
USER_DHH0045,DR_DHA_00030,EXPERIENCED,2025-06-01
USER_DHH0020,DR_DHA_00031,EXPERIENCED,2025-04-12
USER_DHH0008,DR_DHA_00032,EXPERIENCED,2025-05-24
USER_DHH0020,DR_DHA_00033,EXPERIENCED,2025-04-28
USER_DHH0008,DR_DHA_00034,EXPERIENCED,2025-08-03
USER_DHH0020,DR_DHA_00035,EXPERIENCED,2024-04-22
USER_DHH0020,DR_DHA_00036,EXPERIENCED,2025-08-03
USER_DHH0045,DR_DHA_00037,EXPERIENCED,2024-04-06
USER_DHH0017,DR_DHA_00038,EXPERIENCED,2024-04-06
USER_DHH0008,DR_DHA_00039,EXPERIENCED,2025-06-29
USER_DHH0020,DR_DHA_00040,EXPERIENCED,2024-05-15
USER_DHH0009,DR_DHA_00041,EXPERIENCED,2024-04-06
USER_DHH0020,DR_DHA_00042,EXPERIENCED,2024-06-10
USER_DHH0008,DR_DHA_00043,EXPERIENCED,2025-08-12
USER_DHH0020,DR_DHA_00044,EXPERIENCED,2024-05-06
USER_DHH0008,DR_DHA_00045,EXPERIENCED,2024-08-31
USER_DHH0009,DR_DHA_00046,EXPERIENCED,2024-06-30
USER_DHH0008,DR_DHA_00047,EXPERIENCED,2024-05-15
USER_DHH0062,DR_DHA_00048,EXPERIENCED,2024-04-06
USER_DHH0020,DR_DHA_00049,EXPERIENCED,2025-05-03
USER_DHH0008,DR_DHA_00050,EXPERIENCED,2025-07-26
USER_DHH0008,DR_DHA_00051,EXPERIENCED,2024-04-23
USER_DHH0008,DR_DHA_00052,EXPERIENCED,2025-05-31
USER_DHH0008,DR_DHA_00053,EXPERIENCED,2025-05-10
USER_DHH0020,DR_DHA_00054,EXPERIENCED,2024-06-30
USER_DHH0008,DR_DHA_00055,EXPERIENCED,2025-05-27
USER_DHH0008,DR_DHA_00056,EXPERIENCED,2024-06-08
USER_DHH0020,DR_DHA_00057,EXPERIENCED,2025-06-28
USER_DHH0008,DR_DHA_00058,EXPERIENCED,2025-07-19
USER_DHH0045,DR_DHA_00059,EXPERIENCED,2024-06-30
USER_DHH0020,DR_DHA_00060,EXPERIENCED,2025-07-26
USER_DHH0020,DR_DHA_00061,EXPERIENCED,2024-06-07
USER_DHH0020,DR_DHA_00062,EXPERIENCED,2025-06-23
USER_DHH0008,DR_DHA_00063,EXPERIENCED,2024-05-17
USER_DHH0020,DR_DHA_00064,EXPERIENCED,2024-05-26
USER_DHH0008,DR_DHA_00065,EXPERIENCED,2024-06-03
USER_DHH0020,DR_DHA_00066,EXPERIENCED,2024-05-21
USER_DHH0020,DR_DHA_00067,EXPERIENCED,2024-05-12
USER_DHH0020,DR_DHA_00068,EXPERIENCED,2024-06-01
USER_DHH0009,DR_DHA_00069,EXPERIENCED,2024-05-11
USER_DHH0020,DR_DHA_00070,EXPERIENCED,2025-08-10
USER_DHH0045,DR_DHA_00071,EXPERIENCED,2024-05-14
USER_DHH0008,DR_DHA_00072,EXPERIENCED,2024-09-01
USER_DHH0017,DR_DHA_00073,EXPERIENCED,2025-07-26
USER_DHH0008,DR_DHA_00074,EXPERIENCED,2025-05-03
USER_DHH0020,DR_DHA_00075,EXPERIENCED,2024-05-11
USER_DHH0008,DR_DHA_00076,EXPERIENCED,2024-04-20
USER_DHH0020,DR_DHA_00077,EXPERIENCED,2024-06-29
USER_DHH0020,DR_DHA_00078,EXPERIENCED,2024-05-25
USER_DHH0045,DR_DHA_00079,EXPERIENCED,2025-05-04
USER_DHH0020,DR_DHA_00080,EXPERIENCED,2024-04-23
USER_DHH0008,DR_DHA_00081,EXPERIENCED,2024-05-19
USER_DHH0020,DR_DHA_00082,EXPERIENCED,2025-08-16
USER_DHH0020,DR_DHA_00083,EXPERIENCED,2025-05-24
USER_DHH0009,DR_DHA_00084,EXPERIENCED,2024-06-29
USER_DHH0017,DR_DHA_00085,EXPERIENCED,2025-05-04
USER_DHH0018,DR_DHA_00086,EXPERIENCED,2024-06-09
USER_DHH0045,DR_DHA_00087,EXPERIENCED,2025-05-24
USER_DHH0008,DR_DHA_00088,EXPERIENCED,2025-07-20
USER_DHH0008,DR_DHA_00089,EXPERIENCED,2025-05-17
USER_DHH0020,DR_DHA_00090,EXPERIENCED,2024-04-20
USER_DHH0018,DR_DHA_00091,EXPERIENCED,2025-04-26
USER_DHH0047,DR_DHA_00092,EXPERIENCED,2024-04-06
USER_DHH0008,DR_DHA_00093,EXPERIENCED,2025-04-27
USER_DHH0008,DR_DHA_00094,EXPERIENCED,2024-09-07
USER_DHH0008,DR_DHA_00095,EXPERIENCED,2025-07-27
USER_DHH0020,DR_DHA_00096,EXPERIENCED,2025-05-18
USER_DHH0008,DR_DHA_00097,EXPERIENCED,2024-05-24
USER_DHH0020,DR_DHA_00098,EXPERIENCED,2025-04-27
USER_DHH0018,DR_DHA_00099,EXPERIENCED,2024-09-01
USER_DHH0020,DR_DHA_00100,EXPERIENCED,2025-05-25
USER_DHH0045,DR_DHA_00101,EXPERIENCED,2024-05-06
USER_DHH0009,DR_DHA_00102,EXPERIENCED,2024-05-20
USER_DHH0008,DR_DHA_00103,EXPERIENCED,2024-05-14
USER_DHH0020,DR_DHA_00104,EXPERIENCED,2025-04-14
USER_DHH0017,DR_DHA_00105,EXPERIENCED,2024-09-22
USER_DHH0008,DR_DHA_00106,EXPERIENCED,2025-04-26
USER_DHH0017,DR_DHA_00107,EXPERIENCED,2025-06-23
USER_DHH0008,DR_DHA_00108,EXPERIENCED,2024-06-29
USER_DHH0045,DR_DHA_00109,EXPERIENCED,2025-08-12
USER_DHH0020,DR_DHA_00110,EXPERIENCED,2024-06-05
USER_DHH0020,DR_DHA_00111,EXPERIENCED,2024-06-09
USER_DHH0009,DR_DHA_00112,EXPERIENCED,2025-05-11
USER_DHH0033,DR_DHA_00113,EXPERIENCED,2024-04-06
USER_DHH0017,DR_DHA_00114,EXPERIENCED,2024-05-20
USER_DHH0025,DR_DHA_00115,EXPERIENCED,2025-05-05
USER_DHH0020,DR_DHA_00116,EXPERIENCED,2026-04-25
USER_DHH0015,DR_DHA_00117,EXPERIENCED,2024-04-06
USER_DHH0065,DR_DHA_00118,EXPERIENCED,2025-07-20
USER_DHH0017,DR_DHA_00119,EXPERIENCED,2025-08-12
USER_DHH0065,DR_DHA_00120,EXPERIENCED,2024-04-06
USER_DHH0017,DR_DHA_00121,EXPERIENCED,2024-07-14
USER_DHH0017,DR_DHA_00122,EXPERIENCED,2024-05-24
USER_DHH0008,DR_DHA_00123,EXPERIENCED,2024-06-07
USER_DHH0020,DR_DHA_00124,EXPERIENCED,2025-05-13
USER_DHH0020,DR_DHA_00125,EXPERIENCED,2024-07-14
USER_DHH0018,DR_DHA_00126,EXPERIENCED,2024-06-11
USER_DHH0008,DR_DHA_00127,EXPERIENCED,2025-05-05
USER_DHH0045,DR_DHA_00128,EXPERIENCED,2024-05-21
USER_DHH0008,DR_DHA_00129,EXPERIENCED,2025-05-25
USER_DHH0045,DR_DHA_00130,EXPERIENCED,2025-04-26
USER_DHH0008,DR_DHA_00131,EXPERIENCED,2025-04-12
USER_DHH0040,DR_DHA_00132,EXPERIENCED,2024-04-06
USER_DHH0009,DR_DHA_00133,EXPERIENCED,2025-06-29
USER_DHH0040,DR_DHA_00134,EXPERIENCED,2025-04-28
USER_DHH0020,DR_DHA_00135,EXPERIENCED,2025-09-29
USER_DHH0024,DR_DHA_00136,EXPERIENCED,2025-06-02
USER_DHH0008,DR_DHA_00137,EXPERIENCED,2025-06-01
USER_DHH0045,DR_DHA_00138,EXPERIENCED,2024-06-07
USER_DHH0045,DR_DHA_00139,EXPERIENCED,2024-04-30
USER_DHH0058,DR_DHA_00140,EXPERIENCED,2025-06-01
USER_DHH0018,DR_DHA_00141,EXPERIENCED,2024-04-06
USER_DHH0018,DR_DHA_00142,EXPERIENCED,2024-06-05
USER_DHH0008,DR_DHA_00143,EXPERIENCED,2025-09-29
USER_DHH0017,DR_DHA_00144,EXPERIENCED,2025-07-20
USER_DHH0017,DR_DHA_00145,EXPERIENCED,2024-06-04
USER_DHH0008,DR_DHA_00146,EXPERIENCED,2025-08-16
USER_DHH0017,DR_DHA_00147,EXPERIENCED,2024-05-15
USER_DHH0017,DR_DHA_00148,EXPERIENCED,2024-05-04
USER_DHH0057,DR_DHA_00149,EXPERIENCED,2024-04-06
USER_DHH0045,DR_DHA_00150,EXPERIENCED,2024-05-20
USER_DHH0009,DR_DHA_00151,EXPERIENCED,2024-06-07
USER_DHH0056,DR_DHA_00152,EXPERIENCED,2025-08-02
USER_DHH0056,DR_DHA_00153,EXPERIENCED,2024-04-06
USER_DHH0065,DR_DHA_00154,EXPERIENCED,2024-07-14
USER_DHH0018,DR_DHA_00155,EXPERIENCED,2025-05-26
USER_DHH0008,DR_DHA_00156,EXPERIENCED,2024-06-30
USER_DHH0008,DR_DHA_00157,EXPERIENCED,2024-04-30
USER_DHH0018,DR_DHA_00158,EXPERIENCED,2024-05-25
USER_DHH0008,DR_DHA_00159,EXPERIENCED,2025-05-12
USER_DHH0008,DR_DHA_00160,EXPERIENCED,2025-05-04
USER_DHH0008,DR_DHA_00161,EXPERIENCED,2025-06-28
USER_DHH0025,DR_DHA_00162,EXPERIENCED,2024-05-12
USER_DHH0039,DR_DHA_00163,EXPERIENCED,2025-05-31
USER_DHH0017,DR_DHA_00164,EXPERIENCED,2024-04-21
USER_DHH0045,DR_DHA_00165,EXPERIENCED,2024-05-04
USER_DHH0017,DR_DHA_00166,EXPERIENCED,2024-04-20
USER_DHH0045,DR_DHA_00167,EXPERIENCED,2025-04-14
USER_DHH0058,DR_DHA_00168,EXPERIENCED,2024-05-21
USER_DHH0017,DR_DHA_00169,EXPERIENCED,2024-09-21
USER_DHH0062,DR_DHA_00170,EXPERIENCED,2025-04-28
USER_DHH0008,DR_DHA_00171,EXPERIENCED,2024-09-22
USER_DHH0018,DR_DHA_00172,EXPERIENCED,2025-05-31
USER_DHH0025,DR_DHA_00173,EXPERIENCED,2024-05-05
USER_DHH0025,DR_DHA_00174,EXPERIENCED,2025-06-23
USER_DHH0008,DR_DHA_00175,EXPERIENCED,2026-04-25
USER_DHH0045,DR_DHA_00176,EXPERIENCED,2024-04-21
USER_DHH0045,DR_DHA_00177,EXPERIENCED,2024-05-26
USER_DHH0017,DR_DHA_00178,EXPERIENCED,2025-05-18
USER_DHH0065,DR_DHA_00179,EXPERIENCED,2025-08-09
USER_DHH0066,DR_DHA_00180,EXPERIENCED,2025-08-03
USER_DHH0008,DR_DHA_00181,EXPERIENCED,2024-05-25
USER_DHH0008,DR_DHA_00182,EXPERIENCED,2024-05-21
USER_DHH0008,DR_DHA_00183,EXPERIENCED,2024-05-05
USER_DHH0008,DR_DHA_00184,EXPERIENCED,2024-04-27
USER_DHH0018,DR_DHA_00185,EXPERIENCED,2025-05-12
USER_DHH0017,DR_DHA_00186,EXPERIENCED,2024-06-29
USER_DHH0045,DR_DHA_00187,EXPERIENCED,2024-06-08
USER_DHH0017,DR_DHA_00188,EXPERIENCED,2024-09-01
USER_DHH0045,DR_DHA_00189,EXPERIENCED,2025-09-01
USER_DHH0045,DR_DHA_00190,EXPERIENCED,2025-08-03
USER_DHH0009,DR_DHA_00191,EXPERIENCED,2025-09-28
USER_DHH0017,DR_DHA_00192,EXPERIENCED,2025-05-26
USER_DHH0045,DR_DHA_00193,EXPERIENCED,2024-08-31
USER_DHH0045,DR_DHA_00194,EXPERIENCED,2025-07-27
USER_DHH0040,DR_DHA_00195,EXPERIENCED,2024-05-12
USER_DHH0008,DR_DHA_00196,EXPERIENCED,2024-04-22
USER_DHH0008,DR_DHA_00197,EXPERIENCED,2024-06-02
USER_DHH0017,DR_DHA_00198,EXPERIENCED,2024-06-09
USER_DHH0040,DR_DHA_00199,EXPERIENCED,2025-06-01
USER_DHH0045,DR_DHA_00200,EXPERIENCED,2024-06-03
USER_DHH0018,DR_DHA_00201,EXPERIENCED,2025-04-28
USER_DHH0045,DR_DHA_00202,EXPERIENCED,2025-05-25
USER_DHH0059,DR_DHA_00203,EXPERIENCED,2024-08-31
USER_DHH0017,DR_DHA_00204,EXPERIENCED,2025-05-31
USER_DHH0045,DR_DHA_00205,EXPERIENCED,2025-05-27
USER_DHH0017,DR_DHA_00206,EXPERIENCED,2025-06-01
USER_DHH0008,DR_DHA_00207,EXPERIENCED,2024-05-11
USER_DHH0017,DR_DHA_00208,EXPERIENCED,2024-04-23
USER_DHH0056,DR_DHA_00209,EXPERIENCED,2024-05-19
USER_DHH0020,DR_DHA_00210,EXPERIENCED,2024-08-31
USER_DHH0059,DR_DHA_00211,EXPERIENCED,2025-06-22
USER_DHH0008,DR_DHA_00212,EXPERIENCED,2025-08-10
USER_DHH0008,DR_DHA_00213,EXPERIENCED,2025-08-11
USER_DHH0045,DR_DHA_00214,EXPERIENCED,2025-05-13
USER_DHH0065,DR_DHA_00215,EXPERIENCED,2024-05-06
USER_DHH0017,DR_DHA_00216,EXPERIENCED,2024-04-30
USER_DHH0018,DR_DHA_00217,EXPERIENCED,2024-05-18
USER_DHH0008,DR_DHA_00218,EXPERIENCED,2024-05-04
USER_DHH0058,DR_DHA_00219,EXPERIENCED,2024-04-06
USER_DHH0003,DR_DHA_00220,EXPERIENCED,2025-08-02
USER_DHH0018,DR_DHA_00221,EXPERIENCED,2025-07-27
USER_DHH0045,DR_DHA_00222,EXPERIENCED,2024-05-19
USER_DHH0018,DR_DHA_00223,EXPERIENCED,2025-09-28
USER_DHH0025,DR_DHA_00224,EXPERIENCED,2024-06-05
USER_DHH0032,DR_DHA_00225,EXPERIENCED,2024-04-06
USER_DHH0025,DR_DHA_00226,EXPERIENCED,2025-04-28
USER_DHH0018,DR_DHA_00227,EXPERIENCED,2025-06-29
USER_DHH0064,DR_DHA_00228,EXPERIENCED,2024-06-11
USER_DHH0039,DR_DHA_00229,EXPERIENCED,2025-06-23
USER_DHH0065,DR_DHA_00230,EXPERIENCED,2024-06-09
USER_DHH0059,DR_DHA_00231,EXPERIENCED,2024-06-04
USER_DHH0008,DR_DHA_00232,EXPERIENCED,2024-05-26
USER_DHH0009,DR_DHA_00233,EXPERIENCED,2025-05-25
USER_DHH0056,DR_DHA_00234,EXPERIENCED,2024-06-03
USER_DHH0018,DR_DHA_00235,EXPERIENCED,2024-05-15
USER_DHH0017,DR_DHA_00236,EXPERIENCED,2025-04-14
USER_DHH0039,DR_DHA_00237,EXPERIENCED,2025-05-25
USER_DHH0045,DR_DHA_00238,EXPERIENCED,2024-09-21
USER_DHH0020,DR_DHA_00239,EXPERIENCED,2025-05-27
USER_DHH0058,DR_DHA_00240,EXPERIENCED,2025-06-29
USER_DHH0059,DR_DHA_00241,EXPERIENCED,2025-05-26
USER_DHH0009,DR_DHA_00242,EXPERIENCED,2025-07-20
USER_DHH0009,DR_DHA_00243,EXPERIENCED,2024-05-06
USER_DHH0020,DR_DHA_00244,EXPERIENCED,2024-05-17
USER_DHH0020,DR_DHA_00245,EXPERIENCED,2025-05-26
USER_DHH0018,DR_DHA_00246,EXPERIENCED,2024-06-01
USER_DHH0066,DR_DHA_00247,EXPERIENCED,2024-06-10
USER_DHH0009,DR_DHA_00248,EXPERIENCED,2025-08-03
USER_DHH0008,DR_DHA_00249,EXPERIENCED,2025-06-21
USER_DHH0044,DR_DHA_00250,EXPERIENCED,2024-04-06
USER_DHH0017,DR_DHA_00251,EXPERIENCED,2025-08-09
USER_DHH0045,DR_DHA_00252,EXPERIENCED,2025-08-10
USER_DHH0040,DR_DHA_00253,EXPERIENCED,2024-05-14
USER_DHH0018,DR_DHA_00254,EXPERIENCED,2026-04-25
USER_DHH0059,DR_DHA_00255,EXPERIENCED,2025-05-04
USER_DHH0060,DR_DHA_00256,EXPERIENCED,2025-08-09
USER_DHH0058,DR_DHA_00257,EXPERIENCED,2025-07-26
USER_DHH0018,DR_DHA_00258,EXPERIENCED,2024-04-28
USER_DHH0065,DR_DHA_00259,EXPERIENCED,2024-05-25
USER_DHH0018,DR_DHA_00260,EXPERIENCED,2024-04-29
USER_DHH0018,DR_DHA_00261,EXPERIENCED,2025-06-23
USER_DHH0009,DR_DHA_00262,EXPERIENCED,2025-07-21
USER_DHH0018,DR_DHA_00263,EXPERIENCED,2025-08-02
USER_DHH0008,DR_DHA_00264,EXPERIENCED,2024-06-11
USER_DHH0017,DR_DHA_00265,EXPERIENCED,2025-08-02
USER_DHH0042,DR_DHA_00266,EXPERIENCED,2024-04-06
USER_DHH0017,DR_DHA_00267,EXPERIENCED,2024-06-03
USER_DHH0017,DR_DHA_00268,EXPERIENCED,2024-06-05
USER_DHH0003,DR_DHA_00269,EXPERIENCED,2025-05-25
USER_DHH0066,DR_DHA_00270,EXPERIENCED,2024-09-07
USER_DHH0020,DR_DHA_00271,EXPERIENCED,2025-06-02
USER_DHH0009,DR_DHA_00272,EXPERIENCED,2024-08-31
USER_DHH0033,DR_DHA_00273,EXPERIENCED,2025-05-18
USER_DHH0008,DR_DHA_00274,EXPERIENCED,2025-09-08
USER_DHH0064,DR_DHA_00275,EXPERIENCED,2024-04-06
USER_DHH0040,DR_DHA_00276,EXPERIENCED,2025-05-25
USER_DHH0045,DR_DHA_00277,EXPERIENCED,2025-07-21
USER_DHH0003,DR_DHA_00278,EXPERIENCED,2025-07-26
USER_DHH0008,DR_DHA_00279,EXPERIENCED,2025-05-26
USER_DHH0008,DR_DHA_00280,EXPERIENCED,2025-09-01
USER_DHH0025,DR_DHA_00281,EXPERIENCED,2025-05-27
USER_DHH0020,DR_DHA_00282,EXPERIENCED,2025-05-11
USER_DHH0020,DR_DHA_00283,EXPERIENCED,2025-05-04
USER_DHH0025,DR_DHA_00284,EXPERIENCED,2024-05-11
USER_DHH0047,DR_DHA_00285,EXPERIENCED,2024-05-21
USER_DHH0020,DR_DHA_00286,EXPERIENCED,2024-05-14
USER_DHH0064,DR_DHA_00287,EXPERIENCED,2025-09-07
USER_DHH0024,DR_DHA_00288,EXPERIENCED,2024-04-06
USER_DHH0039,DR_DHA_00289,EXPERIENCED,2025-06-28
USER_DHH0039,DR_DHA_00290,EXPERIENCED,2024-06-10
USER_DHH0024,DR_DHA_00291,EXPERIENCED,2025-08-12
USER_DHH0065,DR_DHA_00292,EXPERIENCED,2026-04-25
USER_DHH0018,DR_DHA_00293,EXPERIENCED,2025-05-24
USER_DHH0040,DR_DHA_00294,EXPERIENCED,2025-06-02
USER_DHH0018,DR_DHA_00295,EXPERIENCED,2024-05-11
USER_DHH0017,DR_DHA_00296,EXPERIENCED,2024-04-28
USER_DHH0025,DR_DHA_00297,EXPERIENCED,2025-05-13
USER_DHH0060,DR_DHA_00298,EXPERIENCED,2025-07-26
USER_DHH0020,DR_DHA_00299,EXPERIENCED,2024-06-08
USER_DHH0018,DR_DHA_00300,EXPERIENCED,2024-05-05
USER_DHH0020,DR_DHA_00301,EXPERIENCED,2025-06-21
USER_DHH0041,DR_DHA_00302,EXPERIENCED,2024-06-07
USER_DHH0041,DR_DHA_00303,EXPERIENCED,2025-08-09
USER_DHH0060,DR_DHA_00304,EXPERIENCED,2024-04-06
USER_DHH0010,DR_DHA_00305,EXPERIENCED,2024-04-06
USER_DHH0058,DR_DHA_00306,EXPERIENCED,2025-04-28
USER_DHH0024,DR_DHA_00307,EXPERIENCED,2024-08-31
USER_DHH0030,DR_DHA_00308,EXPERIENCED,2024-04-06
USER_DHH0017,DR_DHA_00309,EXPERIENCED,2024-04-29
USER_DHH0020,DR_DHA_00310,EXPERIENCED,2024-04-30
USER_DHH0020,DR_DHA_00311,EXPERIENCED,2025-07-20
USER_DHH0039,DR_DHA_00312,EXPERIENCED,2025-05-18
USER_DHH0040,DR_DHA_00313,EXPERIENCED,2024-05-19
USER_DHH0018,DR_DHA_00314,EXPERIENCED,2025-09-06
USER_DHH0040,DR_DHA_00315,EXPERIENCED,2024-06-07
USER_DHH0045,DR_DHA_00316,EXPERIENCED,2025-05-12
USER_DHH0009,DR_DHA_00317,EXPERIENCED,2024-05-26
USER_DHH0033,DR_DHA_00318,EXPERIENCED,2024-06-04
USER_DHH0018,DR_DHA_00319,EXPERIENCED,2024-05-13
USER_DHH0020,DR_DHA_00320,EXPERIENCED,2025-06-01
USER_DHH0018,DR_DHA_00321,EXPERIENCED,2024-05-24
USER_DHH0065,DR_DHA_00322,EXPERIENCED,2024-06-03
USER_DHH0033,DR_DHA_00323,EXPERIENCED,2025-08-11
USER_DHH0040,DR_DHA_00324,EXPERIENCED,2025-09-01
USER_DHH0017,DR_DHA_00325,EXPERIENCED,2025-04-27
USER_DHH0040,DR_DHA_00326,EXPERIENCED,2025-08-03
USER_DHH0018,DR_DHA_00327,EXPERIENCED,2024-06-10
USER_DHH0009,DR_DHA_00328,EXPERIENCED,2025-04-28
USER_DHH0024,DR_DHA_00329,EXPERIENCED,2025-05-31
USER_DHH0020,DR_DHA_00330,EXPERIENCED,2024-09-22
USER_DHH0020,DR_DHA_00331,EXPERIENCED,2024-06-04
USER_DHH0009,DR_DHA_00332,EXPERIENCED,2025-06-02
USER_DHH0040,DR_DHA_00333,EXPERIENCED,2025-09-28
USER_DHH0064,DR_DHA_00334,EXPERIENCED,2025-05-24
USER_DHH0039,DR_DHA_00335,EXPERIENCED,2024-04-06
USER_DHH0025,DR_DHA_00336,EXPERIENCED,2024-06-10
USER_DHH0041,DR_DHA_00337,EXPERIENCED,2024-08-31
USER_DHH0018,DR_DHA_00338,EXPERIENCED,2025-07-19
USER_DHH0020,DR_DHA_00339,EXPERIENCED,2025-09-01
USER_DHH0017,DR_DHA_00340,EXPERIENCED,2024-06-30
USER_DHH0045,DR_DHA_00341,EXPERIENCED,2025-06-29
USER_DHH0032,DR_DHA_00342,EXPERIENCED,2025-08-02
USER_DHH0003,DR_DHA_00343,EXPERIENCED,2024-05-04
USER_DHH0063,DR_DHA_00344,EXPERIENCED,2025-05-31
USER_DHH0047,DR_DHA_00345,EXPERIENCED,2025-05-25
USER_DHH0003,DR_DHA_00346,EXPERIENCED,2025-05-24
USER_DHH0009,DR_DHA_00347,EXPERIENCED,2025-05-05
USER_DHH0039,DR_DHA_00348,EXPERIENCED,2024-04-28
USER_DHH0032,DR_DHA_00349,EXPERIENCED,2024-05-04
USER_DHH0020,DR_DHA_00350,EXPERIENCED,2025-07-19
USER_DHH0020,DR_DHA_00351,EXPERIENCED,2024-09-07
USER_DHH0008,DR_DHA_00352,EXPERIENCED,2025-06-23
USER_DHH0017,DR_DHA_00353,EXPERIENCED,2025-04-12
USER_DHH0008,DR_DHA_00354,EXPERIENCED,2025-05-18
USER_DHH0008,DR_DHA_00355,EXPERIENCED,2025-09-07
USER_DHH0008,DR_DHA_00356,EXPERIENCED,2025-04-14
USER_DHH0040,DR_DHA_00357,EXPERIENCED,2025-05-04
USER_DHH0017,DR_DHA_00358,EXPERIENCED,2024-04-27
USER_DHH0025,DR_DHA_00359,EXPERIENCED,2024-05-18
USER_DHH0025,DR_DHA_00360,EXPERIENCED,2024-05-14
USER_DHH0041,DR_DHA_00361,EXPERIENCED,2024-04-06
USER_DHH0032,DR_DHA_00362,EXPERIENCED,2025-07-21
USER_DHH0017,DR_DHA_00363,EXPERIENCED,2024-05-13
USER_DHH0033,DR_DHA_00364,EXPERIENCED,2025-08-18
USER_DHH0064,DR_DHA_00365,EXPERIENCED,2024-05-19
USER_DHH0033,DR_DHA_00366,EXPERIENCED,2025-05-24
USER_DHH0017,DR_DHA_00367,EXPERIENCED,2025-08-10
USER_DHH0065,DR_DHA_00368,EXPERIENCED,2024-06-30
USER_DHH0045,DR_DHA_00369,EXPERIENCED,2025-06-02
USER_DHH0039,DR_DHA_00370,EXPERIENCED,2025-07-26
USER_DHH0008,DR_DHA_00371,EXPERIENCED,2024-05-18
USER_DHH0020,DR_DHA_00372,EXPERIENCED,2024-05-18
USER_DHH0040,DR_DHA_00373,EXPERIENCED,2024-06-02
USER_DHH0003,DR_DHA_00374,EXPERIENCED,2024-08-31
USER_DHH0003,DR_DHA_00375,EXPERIENCED,2025-04-13
USER_DHH0009,DR_DHA_00376,EXPERIENCED,2024-06-08
USER_DHH0064,DR_DHA_00377,EXPERIENCED,2024-04-27
USER_DHH0045,DR_DHA_00378,EXPERIENCED,2026-04-25
USER_DHH0040,DR_DHA_00379,EXPERIENCED,2025-07-26
USER_DHH0017,DR_DHA_00380,EXPERIENCED,2025-06-28
USER_DHH0018,DR_DHA_00381,EXPERIENCED,2025-06-22
USER_DHH0056,DR_DHA_00382,EXPERIENCED,2024-06-08
USER_DHH0066,DR_DHA_00383,EXPERIENCED,2025-06-21
USER_DHH0066,DR_DHA_00384,EXPERIENCED,2024-05-13
USER_DHH0041,DR_DHA_00385,EXPERIENCED,2025-09-28
USER_DHH0040,DR_DHA_00386,EXPERIENCED,2024-06-09
USER_DHH0003,DR_DHA_00387,EXPERIENCED,2024-04-06
USER_DHH0045,DR_DHA_00388,EXPERIENCED,2025-09-08
USER_DHH0008,DR_DHA_00389,EXPERIENCED,2024-05-20
USER_DHH0009,DR_DHA_00390,EXPERIENCED,2025-08-16
USER_DHH0009,DR_DHA_00391,EXPERIENCED,2025-09-29
USER_DHH0017,DR_DHA_00392,EXPERIENCED,2024-06-11
USER_DHH0033,DR_DHA_00393,EXPERIENCED,2025-06-23
USER_DHH0024,DR_DHA_00394,EXPERIENCED,2025-08-02
USER_DHH0066,DR_DHA_00395,EXPERIENCED,2025-06-22
USER_DHH0066,DR_DHA_00396,EXPERIENCED,2025-05-27
USER_DHH0025,DR_DHA_00397,EXPERIENCED,2025-08-10
USER_DHH0003,DR_DHA_00398,EXPERIENCED,2025-06-28
USER_DHH0024,DR_DHA_00399,EXPERIENCED,2024-05-06
