:START_ID,:END_ID,:TYPE
USER_KHH0001,MTR_KSM0001,HAS_METER
USER_KHH0002,MTR_KSM0002,HAS_METER
USER_KHH0003,MTR_KSM0003,HAS_METER
USER_KHH0004,MTR_KSM0004,HAS_METER
USER_KHH0005,MTR_KSM0005,HAS_METER
USER_KHH0006,MTR_KSM0006,HAS_METER
USER_KHH0007,MTR_KSM0007,HAS_METER
USER_KHH0008,MTR_KSM0008,HAS_METER
USER_KHH0009,MTR_KSM0009,HAS_METER
USER_KHH0010,MTR_KSM0010,HAS_METER
USER_KHH0011,MTR_KSM0011,HAS_METER
USER_KHH0012,MTR_KSM0012,HAS_METER
USER_KHH0013,MTR_KSM0013,HAS_METER
USER_KHH0014,MTR_KSM0014,HAS_METER
USER_KHH0015,MTR_KSM0015,HAS_METER
USER_KHH0016,MTR_KSM0016,HAS_METER
USER_KHH0017,MTR_KSM0017,HAS_METER
USER_KHH0018,MTR_KSM0018,HAS_METER
USER_KHH0019,MTR_KSM0019,HAS_METER
USER_KHH0020,MTR_KSM0020,HAS_METER
USER_KHH0021,MTR_KSM0021,HAS_METER
USER_KHH0022,MTR_KSM0022,HAS_METER
USER_KHH0023,MTR_KSM0023,HAS_METER
USER_KHH0024,MTR_KSM0024,HAS_METER
USER_KHH0025,MTR_KSM0025,HAS_METER
USER_KHH0026,MTR_KSM0026,HAS_METER
USER_KHH0027,MTR_KSM0027,HAS_METER
USER_KHH0028,MTR_KSM0028,HAS_METER
USER_KHH0029,MTR_KSM0029,HAS_METER
USER_KHH0030,MTR_KSM0030,HAS_METER
USER_KHH0031,MTR_KSM0031,HAS_METER
USER_KHH0032,MTR_KSM0032,HAS_METER
USER_KHH0033,MTR_KSM0033,HAS_METER
USER_KHH0034,MTR_KSM0034,HAS_METER
USER_KHH0035,MTR_KSM0035,HAS_METER
USER_KHH0036,MTR_KSM0036,HAS_METER
USER_KHH0037,MTR_KSM0037,HAS_METER
USER_KHH0038,MTR_KSM0038,HAS_METER
USER_KHH0039,MTR_KSM0039,HAS_METER
USER_KHH0040,MTR_KSM0040,HAS_METER
USER_KHH0041,MTR_KSM0041,HAS_METER
USER_KHH0042,MTR_KSM0042,HAS_METER
USER_KHH0043,MTR_KSM0043,HAS_METER
USER_KHH0044,MTR_KSM0044,HAS_METER
USER_KHH0045,MTR_KSM0045,HAS_METER
USER_KHH0046,MTR_KSM0046,HAS_METER
USER_KHH0047,MTR_KSM0047,HAS_METER
USER_KHH0048,MTR_KSM0048,HAS_METER
USER_KHH0049,MTR_KSM0049,HAS_METER
USER_KHH0050,MTR_KSM0050,HAS_METER
USER_KHH0051,MTR_KSM0051,HAS_METER
USER_KHH0052,MTR_KSM0052,HAS_METER
USER_KHH0053,MTR_KSM0053,HAS_METER
USER_KHH0054,MTR_KSM0054,HAS_METER
USER_KHH0055,MTR_KSM0055,HAS_METER
USER_KHH0056,MTR_KSM0056,HAS_METER
USER_KHH0057,MTR_KSM0057,HAS_METER
USER_KHH0058,MTR_KSM0058,HAS_METER
USER_KHH0059,MTR_KSM0059,HAS_METER
USER_KHH0060,MTR_KSM0060,HAS_METER
USER_KHH0061,MTR_KSM0061,HAS_METER
USER_KHH0062,MTR_KSM0062,HAS_METER
USER_KHH0063,MTR_KSM0063,HAS_METER
USER_KHH0064,MTR_KSM0064,HAS_METER
USER_KHH0065,MTR_KSM0065,HAS_METER
USER_KHH0066,MTR_KSM0066,HAS_METER
USER_KHH0067,MTR_KSM0067,HAS_METER
USER_KHH0068,MTR_KSM0068,HAS_METER
USER_KHH0069,MTR_KSM0069,HAS_METER
USER_KHH0070,MTR_KSM0070,HAS_METER
USER_KHH0071,MTR_KSM0071,HAS_METER
USER_KHH0072,MTR_KSM0072,HAS_METER
USER_KHH0073,MTR_KSM0073,HAS_METER
USER_KHH0074,MTR_KSM0074,HAS_METER
USER_KHH0075,MTR_KSM0075,HAS_METER
USER_KHH0076,MTR_KSM0076,HAS_METER
USER_KHH0077,MTR_KSM0077,HAS_METER
USER_KHH0078,MTR_KSM0078,HAS_METER
USER_KHH0079,MTR_KSM0079,HAS_METER
USER_KHH0080,MTR_KSM0080,HAS_METER
USER_KHH0081,MTR_KSM0081,HAS_METER
USER_KHH0082,MTR_KSM0082,HAS_METER
USER_KHH0083,MTR_KSM0083,HAS_METER
USER_KHH0084,MTR_KSM0084,HAS_METER
USER_KHH0085,MTR_KSM0085,HAS_METER
USER_KHH0086,MTR_KSM0086,HAS_METER
USER_KHH0087,MTR_KSM0087,HAS_METER
USER_KHH0088,MTR_KSM0088,HAS_METER
USER_KHH0089,MTR_KSM0089,HAS_METER
USER_KHH0090,MTR_KSM0090,HAS_METER
USER_KHH0091,MTR_KSM0091,HAS_METER
USER_KHH0092,MTR_KSM0092,HAS_METER
USER_KHH0093,MTR_KSM0093,HAS_METER
USER_KHH0094,MTR_KSM0094,HAS_METER
USER_KHH0095,MTR_KSM0095,HAS_METER
USER_KHH0096,MTR_KSM0096,HAS_METER
USER_KHH0097,MTR_KSM0097,HAS_METER
USER_KHH0098,MTR_KSM0098,HAS_METER
USER_KHH0099,MTR_KSM0099,HAS_METER
USER_KHH0100,MTR_KSM0100,HAS_METER
USER_KHH0101,MTR_KSM0101,HAS_METER
USER_KHH0102,MTR_KSM0102,HAS_METER
USER_KHH0103,MTR_KSM0103,HAS_METER
USER_KHH0104,MTR_KSM0104,HAS_METER
USER_KHH0105,MTR_KSM0105,HAS_METER
USER_KHH0106,MTR_KSM0106,HAS_METER
USER_KHH0107,MTR_KSM0107,HAS_METER
USER_KHH0108,MTR_KSM0108,HAS_METER
USER_KHH0109,MTR_KSM0109,HAS_METER
USER_KHH0110,MTR_KSM0110,HAS_METER
USER_KHH0111,MTR_KSM0111,HAS_METER
USER_KHH0112,MTR_KSM0112,HAS_METER
USER_KHH0113,MTR_KSM0113,HAS_METER
USER_KHH0114,MTR_KSM0114,HAS_METER
USER_KHH0115,MTR_KSM0115,HAS_METER
USER_KHH0116,MTR_KSM0116,HAS_METER
USER_KHH0117,MTR_KSM0117,HAS_METER
USER_KHH0118,MTR_KSM0118,HAS_METER
USER_KHH0119,MTR_KSM0119,HAS_METER
USER_KHH0120,MTR_KSM0120,HAS_METER
USER_DHH0001,MTR_DSM0001,HAS_METER
USER_DHH0002,MTR_DSM0002,HAS_METER
USER_DHH0003,MTR_DSM0003,HAS_METER
USER_DHH0004,MTR_DSM0004,HAS_METER
USER_DHH0005,MTR_DSM0005,HAS_METER
USER_DHH0006,MTR_DSM0006,HAS_METER
USER_DHH0007,MTR_DSM0007,HAS_METER
USER_DHH0008,MTR_DSM0008,HAS_METER
USER_DHH0009,MTR_DSM0009,HAS_METER
USER_DHH0010,MTR_DSM0010,HAS_METER
USER_DHH0011,MTR_DSM0011,HAS_METER
USER_DHH0012,MTR_DSM0012,HAS_METER
USER_DHH0013,MTR_DSM0013,HAS_METER
USER_DHH0014,MTR_DSM0014,HAS_METER
USER_DHH0015,MTR_DSM0015,HAS_METER
USER_DHH0016,MTR_DSM0016,HAS_METER
USER_DHH0017,MTR_DSM0017,HAS_METER
USER_DHH0018,MTR_DSM0018,HAS_METER
USER_DHH0019,MTR_DSM0019,HAS_METER
USER_DHH0020,MTR_DSM0020,HAS_METER
USER_DHH0021,MTR_DSM0021,HAS_METER
USER_DHH0022,MTR_DSM0022,HAS_METER
USER_DHH0023,MTR_DSM0023,HAS_METER
USER_DHH0024,MTR_DSM0024,HAS_METER
USER_DHH0025,MTR_DSM0025,HAS_METER
USER_DHH0026,MTR_DSM0026,HAS_METER
USER_DHH0027,MTR_DSM0027,HAS_METER
USER_DHH0028,MTR_DSM0028,HAS_METER
USER_DHH0029,MTR_DSM0029,HAS_METER
USER_DHH0030,MTR_DSM0030,HAS_METER
USER_DHH0031,MTR_DSM0031,HAS_METER
USER_DHH0032,MTR_DSM0032,HAS_METER
USER_DHH0033,MTR_DSM0033,HAS_METER
USER_DHH0034,MTR_DSM0034,HAS_METER
USER_DHH0035,MTR_DSM0035,HAS_METER
USER_DHH0036,MTR_DSM0036,HAS_METER
USER_DHH0037,MTR_DSM0037,HAS_METER
USER_DHH0038,MTR_DSM0038,HAS_METER
USER_DHH0039,MTR_DSM0039,HAS_METER
USER_DHH0040,MTR_DSM0040,HAS_METER
USER_DHH0041,MTR_DSM0041,HAS_METER
USER_DHH0042,MTR_DSM0042,HAS_METER
USER_DHH0043,MTR_DSM0043,HAS_METER
USER_DHH0044,MTR_DSM0044,HAS_METER
USER_DHH0045,MTR_DSM0045,HAS_METER
USER_DHH0046,MTR_DSM0046,HAS_METER
USER_DHH0047,MTR_DSM0047,HAS_METER
USER_DHH0048,MTR_DSM0048,HAS_METER
USER_DHH0049,MTR_DSM0049,HAS_METER
USER_DHH0050,MTR_DSM0050,HAS_METER
USER_DHH0051,MTR_DSM0051,HAS_METER
USER_DHH0052,MTR_DSM0052,HAS_METER
USER_DHH0053,MTR_DSM0053,HAS_METER
USER_DHH0054,MTR_DSM0054,HAS_METER
USER_DHH0055,MTR_DSM0055,HAS_METER
USER_DHH0056,MTR_DSM0056,HAS_METER
USER_DHH0057,MTR_DSM0057,HAS_METER
USER_DHH0058,MTR_DSM0058,HAS_METER
USER_DHH0059,MTR_DSM0059,HAS_METER
USER_DHH0060,MTR_DSM0060,HAS_METER
USER_DHH0061,MTR_DSM0061,HAS_METER
USER_DHH0062,MTR_DSM0062,HAS_METER
USER_DHH0063,MTR_DSM0063,HAS_METER
USER_DHH0064,MTR_DSM0064,HAS_METER
USER_DHH0065,MTR_DSM0065,HAS_METER
USER_DHH0066,MTR_DSM0066,HAS_METER
USER_DHH0067,MTR_DSM0067,HAS_METER
USER_DHH0068,MTR_DSM0068,HAS_METER
USER_DHH0069,MTR_DSM0069,HAS_METER
USER_DHH0070,MTR_DSM0070,HAS_METER
USER_DHH0071,MTR_DSM0071,HAS_METER
USER_DHH0072,MTR_DSM0072,HAS_METER
USER_DHH0073,MTR_DSM0073,HAS_METER
USER_DHH0074,MTR_DSM0074,HAS_METER
USER_DHH0075,MTR_DSM0075,HAS_METER
USER_DHH0076,MTR_DSM0076,HAS_METER
USER_DHH0077,MTR_DSM0077,HAS_METER
USER_DHH0078,MTR_DSM0078,HAS_METER
USER_DHH0079,MTR_DSM0079,HAS_METER
USER_DHH0080,MTR_DSM0080,HAS_METER
USER_DHH0081,MTR_DSM0081,HAS_METER
USER_DHH0082,MTR_DSM0082,HAS_METER
USER_DHH0083,MTR_DSM0083,HAS_METER
USER_DHH0084,MTR_DSM0084,HAS_METER
USER_DHH0085,MTR_DSM0085,HAS_METER
USER_DHH0086,MTR_DSM0086,HAS_METER
USER_DHH0087,MTR_DSM0087,HAS_METER
USER_DHH0088,MTR_DSM0088,HAS_METER
USER_DHH0089,MTR_DSM0089,HAS_METER
USER_DHH0090,MTR_DSM0090,HAS_METER
USER_DHH0091,MTR_DSM0091,HAS_METER
USER_DHH0092,MTR_DSM0092,HAS_METER
USER_DHH0093,MTR_DSM0093,HAS_METER
USER_DHH0094,MTR_DSM0094,HAS_METER
USER_DHH0095,MTR_DSM0095,HAS_METER
USER_DHH0096,MTR_DSM0096,HAS_METER
USER_DHH0097,MTR_DSM0097,HAS_METER
USER_DHH0098,MTR_DSM0098,HAS_METER
USER_DHH0099,MTR_DSM0099,HAS_METER
USER_DHH0100,MTR_DSM0100,HAS_METER
USER_DHH0101,MTR_DSM0101,HAS_METER
USER_DHH0102,MTR_DSM0102,HAS_METER
USER_DHH0103,MTR_DSM0103,HAS_METER
USER_DHH0104,MTR_DSM0104,HAS_METER
USER_DHH0105,MTR_DSM0105,HAS_METER
USER_DHH0106,MTR_DSM0106,HAS_METER
USER_DHH0107,MTR_DSM0107,HAS_METER
USER_DHH0108,MTR_DSM0108,HAS_METER
USER_DHH0109,MTR_DSM0109,HAS_METER
USER_DHH0110,MTR_DSM0110,HAS_METER
USER_DHH0111,MTR_DSM0111,HAS_METER
USER_DHH0112,MTR_DSM0112,HAS_METER
USER_DHH0113,MTR_DSM0113,HAS_METER
USER_DHH0114,MTR_DSM0114,HAS_METER
USER_DHH0115,MTR_DSM0115,HAS_METER
USER_DHH0116,MTR_DSM0116,HAS_METER
USER_DHH0117,MTR_DSM0117,HAS_METER
USER_DHH0118,MTR_DSM0118,HAS_METER
USER_DHH0119,MTR_DSM0119,HAS_METER
USER_DHH0120,MTR_DSM0120,HAS_METER
