model,seed,train_r2,train_rmse,train_mae,train_n,val_r2,val_rmse,val_mae,val_n,test_r2,test_rmse,test_mae,test_n,substation
BiLSTM,42,0.8070282110445486,8.579651377063813,6.352140387510063,1397,0.8137666280155095,10.506783127502207,7.411516377130688,272,0.7990264105880371,10.66556492006697,8.782412508274637,536,Agargaon
BiGRU,42,0.8654644513400327,7.163763779173507,4.709042706025569,1397,0.8229707740564187,10.24385682428284,6.750727950880194,272,0.8584868572740659,8.949788184167323,7.138945881253971,536,Agargaon
BiLSTM+BiGRU,42,0.8076012254708824,8.566903609420306,6.378966499348156,1397,0.8224884824605224,10.257801317517819,7.07987381682786,272,0.7772367165205015,11.228873113353842,9.143289718177837,536,Agargaon
BiGRU+BiLSTM,42,0.8343470868064659,7.949178854922617,5.456641457830887,1397,0.8226313703098361,10.253671979137973,6.924077364732511,272,0.8112696538532834,10.335589146445464,8.513831252211066,536,Agargaon
CNN+BiLSTM+BiGRU,42,0.8095023460147572,8.524473117443542,6.197025170259302,1397,0.8071251455686186,10.69248919971082,7.17445465514765,272,0.7593183833383643,11.67174602931132,9.465589403819793,536,Agargaon
CNN+BiGRU+BiLSTM,42,0.7736423560341685,9.29223773100488,7.252196098488619,1397,0.7996032724275717,10.898991836143322,7.798224263182732,272,0.7380835456053756,12.175751070039711,9.639032180137487,536,Agargaon
BiLSTM,42,0.7625126562360799,4.312865215257438,2.9875049672067617,1278,0.5760622493176699,3.888185372016996,2.7660873085458952,210,0.7812837935968381,3.303322800686812,2.535982045547982,536,Bangabhaban
BiGRU,42,0.7417261847798199,4.49765190080433,3.0605434331470995,1278,0.5966232374200225,3.792725001168138,2.604572931499688,210,0.8157931718099533,3.0315406429527,2.2558324643146777,536,Bangabhaban
BiLSTM+BiGRU,42,0.7514452528014701,4.4122151547558675,3.035468755137809,1278,0.5881394543744795,3.832401590149337,2.616435895976557,210,0.8033090411677236,3.132584043879639,2.3544953661445667,536,Bangabhaban
BiGRU+BiLSTM,42,0.7215074532765624,4.67038238014468,3.1509402245344305,1278,0.6058166906727223,3.7492554553801916,2.530026799596476,210,0.799127763755977,3.1657053485933853,2.3425354628265067,536,Bangabhaban
CNN+BiLSTM+BiGRU,42,0.8143465647361618,3.813266390778146,2.3995440771831156,1278,0.5665044628387119,3.931771151623778,2.7966607511724564,210,0.8014712984130561,3.1471843565887627,2.463570186243349,536,Bangabhaban
CNN+BiGRU+BiLSTM,42,0.7742314985603463,4.2051096628271205,2.8338641590295754,1278,0.5946734536742533,3.8018803114966353,2.564147065398236,210,0.8367910550928781,2.8535304506967405,2.1613372621807745,536,Bangabhaban
BiLSTM,42,0.6924985583512787,35.722562694236025,23.87505995198292,1289,0.5224571074964401,44.52184469363495,26.941149214302573,269,0.510877920438862,21.19803241895293,18.17336553293575,536,Bashundhara
BiGRU,42,0.7267725407060804,33.672952743098286,20.680845420734073,1289,0.4975945257462676,45.66612267243014,29.422788116395967,269,0.781360299012066,14.172662018841113,11.15619485451521,536,Bashundhara
BiLSTM+BiGRU,42,0.7087975954683698,34.76294068271468,22.062171394807528,1289,0.5114806481988579,45.03061140179655,28.942853823658425,269,0.3715492486507278,24.02827219157118,21.186780647872908,536,Bashundhara
BiGRU+BiLSTM,42,0.7121115172761612,34.564571273184235,21.505832749121897,1289,0.5132999178638817,44.94668510644274,26.704322218749823,269,0.6510511899906555,17.90473010626616,15.214446515294457,536,Bashundhara
CNN+BiLSTM+BiGRU,42,0.7102753080111444,34.67462587553832,21.896095932335275,1289,0.5180617046772866,44.726269478463784,25.12156246915238,269,0.6537851334488862,17.83445220998906,14.496143946582055,536,Bashundhara
CNN+BiGRU+BiLSTM,42,0.6890482991561675,35.92241264355165,24.47243279233435,1289,0.5084068731805064,45.17205607967404,26.843033361304755,269,0.5890091094707823,19.431351864271573,16.175920969515005,536,Bashundhara
BiLSTM,42,0.8317093281527608,15.434065649233874,11.88830210976276,1395,0.7001373406665018,16.304281176895703,11.213196044115564,271,0.8078346129637936,12.89440998337203,9.925867985633777,536,Dhanmondi
BiGRU,42,0.8493298034456112,14.603736845521203,10.949814821727388,1395,0.7319317217606651,15.415697326836915,10.46974936538957,271,0.8342948749766752,11.973796216703246,9.180888956423798,536,Dhanmondi
BiLSTM+BiGRU,42,0.8386585476785133,15.112047224465947,11.500820554661496,1395,0.7134424261761341,15.938461878700673,10.951959944387205,271,0.8173727917432525,12.570328647880446,9.718330860510472,536,Dhanmondi
BiGRU+BiLSTM,42,0.8670042126924136,13.720478685255602,10.227750088234957,1395,0.7245246097832153,15.627225021469721,10.56499777398866,271,0.8410749788767585,11.72627381850005,8.753324118406695,536,Dhanmondi
CNN+BiLSTM+BiGRU,42,0.900830854635392,11.847824334421466,8.530280682119846,1395,0.7135396251743986,15.935758523314401,10.082425757142891,271,0.8716875086520939,10.536548265916654,7.665643407215381,536,Dhanmondi
CNN+BiGRU+BiLSTM,42,0.8558581120694313,14.283854711532408,10.668459650865593,1395,0.7128779913291184,15.954151217400856,10.45819942114318,271,0.8425261907353097,11.67261224288719,8.991077717599365,536,Dhanmondi
BiLSTM,42,0.8333767651092394,9.912240194685145,7.263465494071881,1351,0.7072239751513625,15.228478498429578,10.217567614963574,271,0.7848068380560409,12.981164986049663,9.58986212591182,536,Gulshan
BiGRU,42,0.8638106549616209,8.961394619540663,6.476076819471392,1351,0.758741501384731,13.823883651592139,9.275712425198503,271,0.847706572591387,10.920436970526104,8.035657472241281,536,Gulshan
BiLSTM+BiGRU,42,0.8529427731656751,9.312091237545115,6.801830456841,1351,0.7368954089370181,14.4362027437166,9.577958738012068,271,0.8213901491245535,11.826388461230046,8.733404574109548,536,Gulshan
BiGRU+BiLSTM,42,0.8556437436255365,9.226178270919293,6.6586924724716505,1351,0.7391128646336438,14.375239583676839,9.627493931138648,271,0.8260073274277637,11.672527767741883,8.599195646483507,536,Gulshan
CNN+BiLSTM+BiGRU,42,0.8799581473309125,8.413377606799383,5.963202627167536,1351,0.7763656782673072,13.309384992572042,8.526513954370223,271,0.8571473140746695,10.576540614255725,7.551530561006781,536,Gulshan
CNN+BiGRU+BiLSTM,42,0.8862422176008091,8.190201660009416,5.784331356482008,1351,0.7701564551687972,13.49288798773812,8.433784299890933,271,0.8629812621462392,10.358322242284025,7.482659619913172,536,Gulshan
BiLSTM,42,0.9279089525202021,11.33878969592033,8.06246278756497,1358,0.6767768393697065,9.605378067856389,7.395834222930824,271,0.5176803037926101,9.114112226973855,7.086776256828166,536,Hasnabad
BiGRU,42,0.925395121992491,11.534788737718225,8.245904129278326,1358,0.6914837517761512,9.384307881470596,7.204896898287249,271,0.5485830884408023,8.81730341911428,6.782023527106244,536,Hasnabad
BiLSTM+BiGRU,42,0.928435766922527,11.297283913339049,8.065740645019575,1358,0.6887595630629636,9.425648394064527,7.246480356943123,271,0.5404000001588836,8.896862594423402,6.903371452773685,536,Hasnabad
BiGRU+BiLSTM,42,0.7844477104931306,19.606602877829584,14.042645882239047,1358,0.6527967591660347,9.955317427656725,7.735137806937264,271,0.45864958731674976,9.655752148517037,7.386005163515238,536,Hasnabad
CNN+BiLSTM+BiGRU,42,0.9254854256043673,11.527805625429364,8.281821848805418,1358,0.666327164028461,9.759412019839726,7.655961939549534,271,0.47472275978951994,9.511328141759305,7.391619682801304,536,Hasnabad
CNN+BiGRU+BiLSTM,42,0.9275517944567103,11.366842670789833,8.14179477538908,1358,0.6534003304990077,9.946660599110592,7.7584856979521435,271,0.4552063796007916,9.686410721290809,7.66374152347223,536,Hasnabad
BiLSTM,42,0.8598461672876829,7.077104713920297,5.103450073107802,1398,0.8629707005586224,8.05769015789,5.530537102715117,271,0.8455415421936766,7.186484706535935,5.497100573311103,536,Kalyanpur
BiGRU,42,0.8772691927043197,6.622621392651944,4.6309350533291,1398,0.8719001801401786,7.790729117632996,5.329753230418665,271,0.8623539158641713,6.78410543573094,5.077269595950397,536,Kalyanpur
BiLSTM+BiGRU,42,0.8680211965740641,6.867603692716123,4.879120876860723,1398,0.8669842884162595,7.938808313365813,5.434045979457588,271,0.8556416098525823,6.947549883122984,5.283118530774296,536,Kalyanpur
BiGRU+BiLSTM,42,0.8693498346732152,6.832947973887261,4.886768664498528,1398,0.8669902011753776,7.938631865101403,5.486328066715013,271,0.8585999369529056,6.875993541642897,5.168261246227505,536,Kalyanpur
CNN+BiLSTM+BiGRU,42,0.8766434044227046,6.639483863829303,4.702307899323999,1398,0.8628536574512253,8.06113064761934,5.5352117513818495,271,0.8517410217141818,7.040786252361866,5.285764705667747,536,Kalyanpur
CNN+BiGRU+BiLSTM,42,0.8811956854453317,6.515822405087072,4.545430795317557,1398,0.866524953745563,7.952503790261188,5.504573244450277,271,0.8516337316840346,7.043333381587815,5.277410626633841,536,Kalyanpur
BiLSTM,42,0.765074452659801,8.131659597513318,5.947917458139179,1398,0.6539085676216372,10.631446913007972,7.99759046836373,272,0.6412694280173432,8.077883445735852,6.298897911484937,527,Lalbag
BiGRU,42,0.8002215204457319,7.498742114742778,5.1974233653949575,1398,0.7724774551303999,8.620037777443434,6.6436113897009825,272,0.7142392356290024,7.209658383772787,5.766894196935236,527,Lalbag
BiLSTM+BiGRU,42,0.7905388664311717,7.678312637037838,5.403699281831967,1398,0.7380970282792272,9.248411901021145,7.042934103494183,272,0.7481877223202487,6.767867353487855,5.203343676579178,527,Lalbag
BiGRU+BiLSTM,42,0.7981025654275176,7.538405010774032,5.238601586458212,1398,0.7675283616231069,8.713285391162938,6.7144326021062115,272,0.7298606483920642,7.009827229603199,5.610143741573959,527,Lalbag
CNN+BiLSTM+BiGRU,42,0.8331421086950896,6.853105883383693,4.593804750398803,1398,0.7426941486770655,9.166884977368525,6.815991490234568,272,0.7534384589373417,6.696934563803245,5.082252267188545,527,Lalbag
CNN+BiGRU+BiLSTM,42,0.8293561373194269,6.930417580918816,4.709156558804629,1398,0.742050456426544,9.17834403871561,6.979937793716573,272,0.7576376422550755,6.639662003849471,4.980342136153798,527,Lalbag
BiLSTM,42,0.8668299702398705,5.664896548180142,4.087922893863498,1394,0.80416216096727,6.963780471672998,5.011619302218452,272,0.8665670238308072,5.715065124267476,4.485267353649393,528,Madartek
BiGRU,42,0.883256628954439,5.304016295518722,3.7019585935029613,1394,0.8284506552989686,6.517653968180493,4.517820113125969,272,0.88315251624635,5.348097047539029,4.144696218795849,528,Madartek
BiLSTM+BiGRU,42,0.8782470110451054,5.416622266085841,3.806843439364536,1394,0.8109748494029615,6.8415824329088455,4.867945131580619,272,0.8768485418126898,5.490468148416554,4.310682075122992,528,Madartek
BiGRU+BiLSTM,42,0.873360594159194,5.524247997918166,3.9411820080683944,1394,0.8156495787180625,6.756454164739824,4.744858721258008,272,0.8784853802535694,5.453858465713382,4.2596684236192335,528,Madartek
CNN+BiLSTM+BiGRU,42,0.8557546644979681,5.8957576598416,4.319582742113979,1394,0.7903959330976694,7.2043801365747955,5.238316745240899,272,0.8619281953284137,5.813559180844715,4.613884661576964,528,Madartek
CNN+BiGRU+BiLSTM,42,0.8777279641875749,5.428155825730418,3.760071563021182,1394,0.7747725237183878,7.468054057711229,5.5516074827050454,272,0.8588021835170654,5.879001724024691,4.623035877626953,528,Madartek
BiLSTM,42,0.8012406280456805,7.92006835633232,5.7064451593023815,1394,0.7041881856979598,7.8160686880513435,5.832151426270439,271,0.789527684658255,6.629913101801779,5.0520115757556185,525,Maniknagar
BiGRU,42,0.8231999518401627,7.469754206232719,5.224026786353189,1394,0.7314204276732064,7.447612955652359,5.5225653356951545,271,0.8169443265659547,6.183038398154802,4.727577748185112,525,Maniknagar
BiLSTM+BiGRU,42,0.8218393979312257,7.498440640623599,5.24868389299217,1394,0.7151165883942472,7.670332500751077,5.736718347591667,271,0.8021591829100798,6.427887916555081,4.894509655748095,525,Maniknagar
BiGRU+BiLSTM,42,0.8239337251731038,7.454237227054244,5.179534117216874,1394,0.7290747597208775,7.480064510575495,5.564901700868818,271,0.7997254199163684,6.467303791724346,4.951095127151126,525,Maniknagar
CNN+BiLSTM+BiGRU,42,0.8324008161021773,7.272790405033232,5.089985635735555,1394,0.7312189820012278,7.450405439401831,5.428664394740249,271,0.8050794897772895,6.380270867188126,4.937330990689142,525,Maniknagar
CNN+BiGRU+BiLSTM,42,0.8364609832616147,7.184156974711203,5.005142372598608,1394,0.7249218274515823,7.537176320316948,5.513146612257096,271,0.8048551399371068,6.383941597123933,4.8895564028194975,525,Maniknagar
BiLSTM,42,0.7615687509105562,6.628207836599436,4.9306321370755155,1398,0.5865909928200849,7.241866187930281,5.396487043009086,272,0.781914581199151,6.063415022860179,4.547378404178698,499,Matual
BiGRU,42,0.7832450241011729,6.319737927076834,4.5996237070349,1398,0.6608223468550296,6.559551467496678,4.870253751032494,272,0.8118064570517314,5.632566655255371,4.161031268115991,499,Matual
BiLSTM+BiGRU,42,0.7672498495560884,6.5487666565246965,4.881396229703712,1398,0.6289258090225052,6.8610550381726085,5.070091032631259,272,0.8034552204830316,5.756184915721226,4.302464150068518,499,Matual
BiGRU+BiLSTM,42,0.8023055410765672,6.035479502385627,4.354349193586644,1398,0.6863148072815066,6.3082302672379065,4.580914966849721,272,0.8319160834794768,5.32312984809179,3.9323574947928632,499,Matual
CNN+BiLSTM+BiGRU,42,0.8436055228207502,5.368157348773013,3.7586457061665253,1398,0.6608867744589128,6.558928436688451,4.5717626744333435,272,0.8342393379725691,5.286213712398227,3.8931081043694444,499,Matual
CNN+BiGRU+BiLSTM,42,0.8020510919458639,6.039362334227187,4.4692705989736705,1398,0.6650155864108208,6.518877630039046,4.630193773087334,272,0.8075034417009015,5.696596584535571,4.244357043564441,499,Matual
BiLSTM,42,0.8973313109126964,7.84442702673057,5.758563746651395,1396,0.8351035322788642,11.45424146496674,8.361761449634866,272,0.7781537468775224,8.858893947972534,6.7963935929786565,528,Mirpur
BiGRU,42,0.900875658582017,7.7078344162267,5.700563529114581,1396,0.8556873742423929,10.715509414685211,7.64863755674074,272,0.805346079110018,8.298221664844016,6.389188372138744,528,Mirpur
BiLSTM+BiGRU,42,0.9110264964649708,7.302516804123709,5.212349199031061,1396,0.8393447640714119,11.30597706086079,8.135570387664965,272,0.7832755542068536,8.756033291695413,6.709875953213283,528,Mirpur
BiGRU+BiLSTM,42,0.896972478784884,7.858123399308274,5.814470715911733,1396,0.8481925514973212,10.99024055312637,7.920840891893844,272,0.7973111799412638,8.467756304374047,6.500744678791413,528,Mirpur
CNN+BiLSTM+BiGRU,42,0.9066713052395116,7.479108178469239,5.461253350437605,1396,0.8405187810489056,11.264591084845325,7.951800857856322,272,0.7795017969872546,8.831937373582232,6.646607410297021,528,Mirpur
CNN+BiGRU+BiLSTM,42,0.9049701845601601,7.546961974615596,5.4648078834896845,1396,0.8351203532562022,11.453657230347918,8.307357005626512,272,0.74820150808713,9.438000933505421,7.226125118491433,528,Mirpur
BiLSTM,42,0.7719430601814102,7.735650468417309,5.825137271761138,1398,0.6099005134514651,9.019371659762283,6.866622063509353,272,0.7106083125043163,7.668501186886308,6.077444645635255,536,Narinda
BiGRU,42,0.8201818836256314,6.868974655072131,4.960533649699285,1398,0.6866031827245944,8.0841783218516,5.9685296817847036,272,0.810360499351833,6.207716351563321,4.733026207733983,536,Narinda
BiLSTM+BiGRU,42,0.8149353304296915,6.968462222416109,5.0690042249237495,1398,0.6755903275607351,8.224992129994185,6.048743256025345,272,0.8057634825298086,6.282505890007309,4.877074253807929,536,Narinda
BiGRU+BiLSTM,42,0.8162591183588586,6.9434944046701395,5.046232193019588,1398,0.6755681718543776,8.225272989991025,6.036856876980678,272,0.8048459012381488,6.297327813805571,4.871390722928319,536,Narinda
CNN+BiLSTM+BiGRU,42,0.8522997251500292,6.225379678064131,4.373495614206757,1398,0.7194040001500293,7.649434523783393,5.571561954038985,272,0.8507980006896606,5.506235528754015,4.149620285396701,536,Narinda
CNN+BiGRU+BiLSTM,42,0.847656616317994,6.322473105584582,4.500772906933646,1398,0.7068145256972236,7.819154934972371,5.700093751622583,272,0.834172510819476,5.80491313783351,4.392589566158826,536,Narinda
BiLSTM,42,0.7781675320920309,16.292931907400657,12.360068506217765,1386,0.6885009633125769,19.311847473207777,13.793677007745513,272,0.6746402627515866,21.909539519925577,17.11306971738448,533,Savar
BiGRU,42,0.8147322705470005,14.88972156519048,11.25853517943248,1386,0.7299772760413461,17.9802458515473,12.820954731481477,272,0.726177725987622,20.0995221259391,15.428554495958858,533,Savar
BiLSTM+BiGRU,42,0.8120664560396686,14.996462948767318,11.434505829664124,1386,0.7211631514193941,18.27134640921643,13.277166709886759,272,0.6855661971407296,21.538525053118644,17.247599817796246,533,Savar
BiGRU+BiLSTM,42,0.815690594870531,14.851162009720497,11.266726674762745,1386,0.7176943896880379,18.384643941100702,13.303246637177386,272,0.693702896489041,21.25801898506785,16.827096974697344,533,Savar
CNN+BiLSTM+BiGRU,42,0.8018014781590763,15.400573461313192,11.711818559448968,1386,0.7052941939025021,18.784075050099922,13.218997341306771,272,0.6929797822931424,21.28309743534089,16.785678499042724,533,Savar
CNN+BiGRU+BiLSTM,42,0.8082259536728679,15.148917586658417,11.466951480887467,1386,0.7085985735229894,18.67847026646208,13.306437323962285,272,0.6781255465213705,21.79187505066158,17.438649544690733,533,Savar
BiLSTM,42,0.7802435872247924,13.561434292302875,10.166427323941,1347,0.5947939438093612,16.641295926879017,12.642371602293284,269,0.7211882520882955,17.311045947748113,12.847189411138846,521,Shyampur
BiGRU,42,0.7875017082323645,13.33560020464781,10.368098426008542,1347,0.7013965747805531,14.285537064149722,10.637196714629914,269,0.7512331005755043,16.351743695393253,11.893882612787946,521,Shyampur
BiLSTM+BiGRU,42,0.7780541171125278,13.628824279592179,10.26573960001635,1347,0.6493012854850297,15.4816151285738,11.855975728734053,269,0.727491026494718,17.114262086950507,12.600313830722888,521,Shyampur
BiGRU+BiLSTM,42,0.75665397127693,14.270755880982376,11.138938020921982,1347,0.651113585976072,15.441561259866207,11.838090687600207,269,0.7254863404340045,17.17709645167336,12.669318590859762,521,Shyampur
CNN+BiLSTM+BiGRU,42,0.771894066729625,13.816662092853022,10.817243474611061,1347,0.6598816481653962,15.246291279616235,11.101859568851587,269,0.7455667741011187,16.53692233267626,12.035774585029216,521,Shyampur
CNN+BiGRU+BiLSTM,42,0.7909294425047972,13.227607025233366,10.3149246277133,1347,0.6715369413093704,14.982781502142105,11.120907910082863,269,0.7475293269894774,16.473020672123553,12.045686322164055,521,Shyampur
BiLSTM,42,0.562403309832527,10.755640099907268,5.144753030163336,1385,0.7615933552024023,6.328147898006059,4.626284936454477,272,0.6226983477647756,5.976494272373467,4.5638203382950735,536,Ullon
BiGRU,42,0.5714082807305108,10.64439875095819,5.051277338009173,1385,0.7816304123807831,6.0563856225714705,4.407010751511792,272,0.6508120161085498,5.749522784914949,4.285729460756277,536,Ullon
BiLSTM+BiGRU,42,0.5648233183418385,10.725858308585584,5.112938716043413,1385,0.7715425923982993,6.194696947734775,4.4729478332263355,272,0.6398773345598081,5.838850856431594,4.40803907106769,536,Ullon
BiGRU+BiLSTM,42,0.5662292170804457,10.708518604855064,5.117231593073593,1385,0.7761996415553747,6.131233157320366,4.490103181321722,272,0.6450804611088746,5.796516926995189,4.3385635209828575,536,Ullon
CNN+BiLSTM+BiGRU,42,0.5575895809091032,10.814636350780043,5.0771320436476355,1385,0.7555591253071153,6.407732266369836,4.542810711267076,272,0.5603233359814401,6.4516212259326196,4.7603863448229795,536,Ullon
CNN+BiGRU+BiLSTM,42,0.5361446299860883,11.073643598406196,5.584444903544145,1385,0.7600186504614965,6.349012592603039,4.5168871953628775,272,0.5267061830199871,6.693720429262946,4.94730593521287,536,Ullon
BiLSTM,42,0.8718843489593341,6.306513440157917,4.5498081395074195,1383,0.789196989541556,8.45554820154494,6.163527157919701,272,0.7911498248789455,7.36728095064804,5.568188497177116,536,Uttara
BiGRU,42,0.8800160792550769,6.103089746950058,4.319431381645845,1383,0.8065686112413377,8.099660957742033,5.793350487834337,272,0.8181342244861469,6.87488280959567,5.227875931137449,536,Uttara
BiLSTM+BiGRU,42,0.8763483433549709,6.195668907888984,4.428003201872078,1383,0.8024616369950057,8.185196134714994,5.905909168481936,272,0.8053110648733335,7.113125069456392,5.395101813794905,536,Uttara
BiGRU+BiLSTM,42,0.8781292199591267,6.150890945650763,4.376739007139757,1383,0.8049844056235259,8.132761487382336,5.907400884238236,272,0.8164893769063387,6.905902062037742,5.238710274209699,536,Uttara
CNN+BiLSTM+BiGRU,42,0.8767593537519228,6.185363328411317,4.463009686462921,1383,0.7986404505216611,8.263984247715126,6.015012249219068,272,0.7977024503310302,7.25078656344437,5.450322342421025,536,Uttara
CNN+BiGRU+BiLSTM,42,0.8838859431486172,6.003861029638916,4.273112004396498,1383,0.8142667702777514,7.936849964756742,5.656213937767726,272,0.8172059352918205,6.892406052877518,5.141011107041597,536,Uttara
BiLSTM,42,0.8111140034716562,6.134143896973102,3.558736856698182,1346,0.6506538676816975,6.922439197475252,4.780393370207137,269,0.8308288936470479,6.644279584136893,4.493127138544289,531,Uttara New
BiGRU,42,0.786457556322242,6.522231098674885,4.350083044907559,1346,0.6663021157020029,6.765624756009165,4.748899610239775,269,0.8305207847502796,6.650327396993243,4.6977325801215954,531,Uttara New
BiLSTM+BiGRU,42,0.8135603018786812,6.094292213602023,3.5237642496594814,1346,0.6647039536356348,6.7818065333624,4.67433234584985,269,0.8381382656557939,6.499155061623593,4.437470702594126,531,Uttara New
BiGRU+BiLSTM,42,0.8114135045076216,6.129278763159517,3.5583495410695316,1346,0.6629527880816192,6.799493291185537,4.702429518820957,269,0.8287806407486603,6.6843816417427835,4.602096792341903,531,Uttara New
CNN+BiLSTM+BiGRU,42,0.828576665568933,5.843715281094444,3.242679859179821,1346,0.6228349764935701,7.1927818021798995,5.084061147790528,269,0.8206653827812684,6.840957134049778,4.629926862625194,531,Uttara New
CNN+BiGRU+BiLSTM,42,0.6832032640465244,7.9440949781996295,6.417033734976035,1346,0.6308192260658397,7.1162421554969715,5.207697202368851,269,0.8006840944211107,7.212001072203251,5.153136502246736,531,Uttara New
