date,actual_mw,pred_mw
2019-11-02,135.0,124.768
2019-11-03,143.0,147.137
2019-11-04,150.0,131.392
2019-11-05,129.0,141.394
2019-11-06,148.0,140.801
2019-11-07,140.0,137.832
2019-11-08,106.0,111.845
2019-11-09,118.0,116.221
2019-11-10,84.0,125.122
2019-11-11,129.0,93.689
2019-11-12,110.0,107.984
2019-11-13,145.0,118.096
2019-11-14,141.0,125.431
2019-11-15,98.0,106.901
2019-11-16,118.0,113.383
2019-11-17,130.0,133.961
2019-11-18,126.0,126.071
2019-11-19,102.0,122.538
2019-11-20,109.0,116.528
2019-11-21,109.0,108.555
2019-11-22,87.0,92.344
2019-11-23,106.0,98.019
2019-11-24,114.0,109.726
2019-11-25,114.0,105.592
2019-11-26,102.0,106.15
2019-11-27,123.0,107.118
2019-11-28,121.0,108.979
2019-11-29,97.0,96.249
2019-11-30,102.0,101.262
2019-12-01,107.0,107.554
2019-12-02,112.0,101.461
2019-12-03,99.0,100.833
2019-12-04,113.0,101.49
2019-12-05,113.0,101.0
2019-12-06,87.0,89.927
2019-12-07,95.0,95.462
2019-12-08,99.0,101.576
2019-12-09,97.0,97.866
2019-12-10,87.0,95.7
2019-12-11,95.0,95.898
2019-12-12,92.0,94.82
2019-12-13,77.0,83.005
2019-12-14,102.0,89.204
2019-12-15,100.0,99.596
2019-12-16,62.0,97.896
2019-12-17,87.0,87.509
2019-12-18,85.0,92.009
2019-12-19,82.0,92.521
2019-12-20,82.0,79.979
2019-12-21,73.0,88.347
2019-12-22,76.0,90.661
2019-12-23,83.0,87.696
2019-12-24,70.0,88.944
2019-12-25,72.0,88.02
2019-12-26,81.0,82.063
2019-12-27,81.0,74.906
2019-12-28,79.0,85.022
2019-12-29,82.0,89.428
2019-12-30,82.0,87.706
2019-12-31,72.0,87.932
2020-01-01,86.0,88.514
2020-01-02,76.0,89.447
2020-01-03,66.0,77.872
2020-01-04,82.0,79.568
2020-01-05,88.0,87.504
2020-01-06,86.0,87.444
2020-01-07,71.0,88.141
2020-01-08,100.0,87.837
2020-01-09,85.0,90.408
2020-01-10,70.0,80.641
2020-01-11,78.0,84.996
2020-01-12,78.0,89.282
2020-01-13,82.0,86.728
2020-01-14,78.0,85.846
2020-01-15,87.0,87.578
2020-01-16,90.0,87.673
2020-01-17,72.0,79.197
2020-01-18,86.0,85.846
2020-01-19,92.0,91.775
2020-01-20,90.0,91.741
2020-01-21,78.0,90.541
2020-01-22,92.0,90.751
2020-01-23,88.0,90.157
2020-01-24,67.0,78.487
2020-01-25,76.0,83.865
2020-01-26,86.0,89.569
2020-01-27,87.0,89.459
2020-01-28,86.0,90.226
2020-01-29,96.0,93.967
2020-01-30,97.0,92.489
2020-01-31,84.0,82.544
2020-02-01,62.0,90.231
2020-02-02,80.0,90.061
2020-02-03,82.0,88.802
2020-02-04,78.0,90.001
2020-02-05,86.0,92.273
2020-02-06,88.0,92.598
2020-02-07,74.0,82.661
2020-02-08,101.0,89.804
2020-02-09,102.0,101.033
2020-02-10,100.0,99.262
2020-02-11,94.0,100.411
2020-02-12,100.0,101.753
2020-02-13,89.0,100.484
2020-02-14,78.0,86.567
2020-02-15,91.0,91.034
2020-02-16,110.0,96.247
2020-02-17,102.5,98.408
2020-02-18,95.0,99.841
2020-02-19,104.0,100.838
2020-02-20,97.0,101.489
2020-02-21,94.5,88.61
2020-02-22,92.0,96.408
2020-02-23,103.0,103.393
2020-02-24,121.0,98.815
2020-02-25,102.0,103.732
2020-02-26,114.0,101.635
2020-02-27,104.66666666666667,100.62
2020-02-28,95.33333333333334,89.042
2020-02-29,86.0,96.227
2020-03-01,114.0,104.128
2020-03-02,120.0,105.588
2020-03-03,106.0,113.064
2020-03-04,124.0,113.043
2020-03-05,123.0,112.038
2020-03-06,93.0,98.188
2020-03-07,104.0,100.774
2020-03-08,122.0,110.002
2020-03-09,119.0,107.038
2020-03-10,106.0,113.387
2020-03-11,122.0,117.702
2020-03-12,138.0,121.376
2020-03-13,110.0,107.86
2020-03-14,110.0,119.442
2020-03-15,140.0,130.635
2020-03-16,141.0,126.302
2020-03-17,90.0,131.314
2020-03-18,131.0,115.482
2020-03-19,132.0,123.291
2020-03-20,99.0,107.688
2020-03-21,109.5,114.377
2020-03-22,120.0,132.411
2020-03-23,118.0,120.315
2020-03-24,103.0,117.554
2020-03-25,88.0,117.773
2020-03-26,71.0,106.936
2020-03-27,75.0,82.722
2020-03-28,78.0,92.892
2020-03-29,77.0,101.973
2020-03-30,75.0,96.478
2020-03-31,74.0,93.967
2020-04-01,80.0,96.005
2020-04-02,66.0,96.562
2020-04-03,74.0,79.574
2020-04-04,74.0,87.025
2020-04-05,82.0,93.266
2020-04-06,77.0,90.681
2020-04-07,82.0,89.276
2020-04-08,80.0,93.381
2020-04-09,76.0,90.576
2020-04-10,78.0,75.363
2020-04-11,86.0,86.815
2020-04-12,74.0,95.275
2020-04-13,78.0,89.598
2020-04-14,79.0,88.239
2020-04-15,80.0,86.129
2020-04-16,74.0,85.261
2020-04-17,70.0,75.463
2020-04-18,76.0,79.55
2020-04-19,74.0,86.194
2020-04-20,72.0,84.192
2020-04-21,71.0,82.337
2020-04-22,72.0,82.366
2020-04-23,76.0,80.551
2020-04-24,66.0,70.505
2020-04-25,64.0,76.396
2020-04-26,66.0,82.941
2020-04-27,66.0,78.345
2020-04-28,66.0,79.166
2020-04-29,68.0,79.621
2020-04-30,70.0,78.386
2020-05-01,62.0,68.961
2020-05-02,64.0,74.469
2020-05-03,74.0,82.529
2020-05-04,74.0,80.993
2020-05-05,84.0,83.226
2020-05-06,70.0,88.424
2020-05-07,84.0,84.506
2020-05-08,74.0,77.142
2020-05-09,78.0,85.735
2020-05-10,95.0,92.901
2020-05-11,94.0,92.15
2020-05-12,102.0,94.405
2020-05-13,102.0,102.076
2020-05-14,102.0,99.754
2020-05-15,87.0,87.638
2020-05-16,97.0,91.873
2020-05-17,116.0,106.588
2020-05-18,106.0,104.846
2020-05-19,107.0,106.181
2020-05-20,90.0,105.526
2020-05-21,76.0,93.277
2020-05-22,74.0,73.758
2020-05-23,80.0,78.396
2020-05-24,76.0,87.228
2020-05-25,72.0,81.349
2020-05-26,70.0,78.753
2020-05-27,68.0,78.293
2020-05-28,74.0,73.749
2020-05-29,66.0,69.814
2020-05-30,75.0,79.802
2020-05-31,95.0,88.465
2020-06-01,115.0,91.697
2020-06-02,115.0,102.442
2020-06-03,130.0,114.61
2020-06-04,128.0,122.208
2020-06-05,90.0,104.283
2020-06-06,126.0,110.464
2020-06-07,162.0,132.981
2020-06-08,148.0,140.817
2020-06-09,145.0,143.001
2020-06-10,152.0,145.984
2020-06-11,135.0,142.667
2020-06-12,105.0,113.781
2020-06-13,126.0,116.832
2020-06-14,147.0,134.284
2020-06-15,162.0,130.952
2020-06-16,141.0,136.424
2020-06-17,136.0,138.239
2020-06-18,141.0,127.86
2020-06-19,100.0,105.071
2020-06-20,121.0,114.361
2020-06-21,133.0,137.334
2020-06-22,145.0,129.766
2020-06-23,136.0,132.633
2020-06-24,154.0,136.943
2020-06-25,158.0,140.883
2020-06-26,115.0,118.236
2020-06-27,136.0,130.763
2020-06-28,163.0,149.373
2020-06-29,151.0,142.035
2020-06-30,144.0,142.864
2020-07-01,158.0,145.337
2020-07-02,170.0,146.406
2020-07-03,118.0,122.311
2020-07-04,142.0,137.068
2020-07-05,155.0,156.956
2020-07-06,158.0,144.23
2020-07-07,149.0,144.018
2020-07-08,172.0,147.403
2020-07-09,168.0,151.317
2020-07-10,128.0,121.102
2020-07-11,142.0,136.917
2020-07-12,165.0,157.241
2020-07-13,170.0,146.758
2020-07-14,163.0,152.753
2020-07-15,172.0,159.584
2020-07-16,179.0,159.687
2020-07-17,128.0,127.54
2020-07-18,156.0,145.437
2020-07-19,183.0,170.61
2020-07-20,163.5,163.229
2020-07-21,144.0,159.104
2020-07-22,149.0,152.525
2020-07-23,166.0,145.126
2020-07-24,118.0,122.07
2020-07-25,156.0,135.273
2020-07-26,188.0,169.057
2020-07-27,184.0,169.296
2020-07-28,176.0,170.569
2020-07-29,157.0,174.999
2020-07-30,150.0,163.444
2020-07-31,109.0,114.62
2020-08-01,98.0,122.502
2020-08-02,97.0,128.07
2020-08-03,121.0,104.535
2020-08-04,124.0,112.201
2020-08-05,152.0,130.432
2020-08-06,153.0,139.401
2020-08-07,113.0,117.143
2020-08-08,143.0,133.889
2020-08-09,168.0,164.627
2020-08-10,178.0,158.66
2020-08-11,129.0,163.323
2020-08-12,190.0,150.782
2020-08-13,185.0,160.583
2020-08-14,127.0,133.155
2020-08-15,107.0,148.858
2020-08-16,171.0,146.429
2020-08-17,173.0,146.702
2020-08-18,161.0,156.385
2020-08-19,169.0,164.885
2020-08-20,160.0,156.854
2020-08-21,110.0,119.196
2020-08-22,120.0,127.002
2020-08-23,151.0,148.988
2020-08-24,160.0,142.976
2020-08-25,153.0,150.652
2020-08-26,158.0,157.763
2020-08-27,176.0,151.092
2020-08-28,117.0,123.812
2020-08-29,149.0,139.58
2020-08-30,120.0,171.316
2020-08-31,189.0,139.171
2020-09-01,166.0,155.435
2020-09-02,174.0,164.936
2020-09-03,172.0,165.943
2020-09-04,125.0,130.544
2020-09-05,159.0,147.896
2020-09-06,181.0,177.483
2020-09-07,179.0,173.42
2020-09-08,178.0,169.445
2020-09-09,199.0,174.545
2020-09-10,185.0,176.451
2020-09-11,125.0,135.885
2020-09-12,163.0,149.896
2020-09-13,192.0,175.464
2020-09-14,177.0,175.336
2020-09-15,162.0,173.325
2020-09-16,186.0,169.483
2020-09-17,183.0,170.779
2020-09-18,126.0,136.703
2020-09-19,162.0,154.014
2020-09-20,191.0,181.596
2020-09-21,189.0,178.771
2020-09-22,170.0,176.142
2020-09-23,188.0,173.858
2020-09-24,181.0,171.212
2020-09-25,124.0,134.93
2020-09-26,156.0,150.089
2020-09-27,164.0,174.704
2020-09-28,184.0,161.436
2020-09-29,175.0,171.527
2020-09-30,193.0,179.56
2020-10-01,178.0,178.871
2020-10-02,126.0,138.164
2020-10-03,166.0,151.544
2020-10-04,203.0,181.025
2020-10-05,194.0,180.53
2020-10-06,175.0,179.054
2020-10-07,198.0,179.133
2020-10-08,200.0,180.048
2020-10-09,136.0,147.952
2020-10-10,179.0,166.467
2020-10-11,212.0,194.759
2020-10-12,185.0,190.749
2020-10-13,183.0,183.703
2020-10-14,193.0,186.577
2020-10-15,186.0,179.187
2020-10-16,130.0,139.77
2020-10-17,161.0,158.5
2020-10-18,193.0,183.897
2020-10-19,190.0,176.059
2020-10-20,182.0,178.001
2020-10-21,186.0,182.305
2020-10-22,165.0,177.24
2020-10-23,98.0,124.152
2020-10-24,130.0,124.302
2020-10-25,152.0,155.129
2020-10-26,113.0,150.471
2020-10-27,151.0,123.334
2020-10-28,164.0,146.191
2020-10-29,169.0,156.097
2020-10-30,111.0,127.8
2020-10-31,147.0,137.83
2020-11-01,167.0,163.24
2020-11-02,128.0,153.429
2020-11-03,129.0,143.528
2020-11-04,130.0,136.98
2020-11-05,118.0,131.968
2020-11-06,81.0,102.34
2020-11-07,108.0,105.239
2020-11-08,129.0,125.305
2020-11-09,135.0,122.071
2020-11-10,135.0,129.898
2020-11-11,139.0,137.791
2020-11-12,141.0,136.355
2020-11-13,97.0,109.381
2020-11-14,133.0,117.846
2020-11-15,137.0,143.185
2020-11-16,133.0,127.423
2020-11-17,108.0,127.003
2020-11-18,125.0,120.483
2020-11-19,123.0,119.738
2020-11-20,87.0,100.287
2020-11-21,107.0,104.015
2020-11-22,111.0,112.307
2020-11-23,109.0,107.297
2020-11-24,98.0,108.309
2020-11-25,109.0,106.565
2020-11-26,106.0,104.534
2020-11-27,77.0,91.727
2020-11-28,100.0,96.027
2020-11-29,109.0,104.503
2020-11-30,103.0,103.84
2020-12-01,95.0,101.841
2020-12-02,112.0,102.25
2020-12-03,110.0,103.004
2020-12-04,80.0,91.438
2020-12-05,93.0,96.568
2020-12-06,106.0,101.101
2020-12-07,102.0,98.885
2020-12-08,98.0,97.769
2020-12-09,99.0,98.855
2020-12-10,95.0,95.493
2020-12-11,74.0,82.457
2020-12-12,87.0,87.763
2020-12-13,92.0,94.204
2020-12-14,98.0,93.349
2020-12-15,87.0,95.949
2020-12-16,66.0,96.134
2020-12-17,90.0,86.193
2020-12-18,67.0,78.387
2020-12-19,79.0,86.903
2020-12-20,88.0,92.438
2020-12-21,90.0,91.697
2020-12-22,82.0,92.004
2020-12-23,88.0,93.255
2020-12-24,93.0,92.967
2020-12-25,72.0,82.387
2020-12-26,87.0,85.405
2020-12-27,89.0,92.462
2020-12-28,89.0,92.023
2020-12-29,85.0,92.348
2020-12-30,93.0,93.477
2020-12-31,92.0,93.47
2021-01-01,68.0,83.109
2021-01-02,84.0,87.335
2021-01-03,95.0,92.09
2021-01-04,93.0,93.222
2021-01-05,88.0,94.243
2021-01-06,102.0,95.111
2021-01-07,100.0,97.111
2021-01-08,70.0,87.928
2021-01-09,92.0,91.17
2021-01-10,101.0,96.06
2021-01-11,98.0,96.592
2021-01-12,87.0,98.031
2021-01-13,92.0,96.855
2021-01-14,90.0,94.731
2021-01-15,72.0,83.664
2021-01-16,84.0,89.991
2021-01-17,91.0,93.693
2021-01-18,89.0,92.197
2021-01-19,82.0,90.835
2021-01-20,91.0,91.856
2021-01-21,96.0,89.383
2021-01-22,70.0,81.165
2021-01-23,82.0,87.73
2021-01-24,90.0,92.127
2021-01-25,93.0,92.509
2021-01-26,79.0,92.868
2021-01-27,92.0,92.521
2021-01-28,88.0,91.367
2021-01-29,67.0,80.008
2021-01-30,81.0,84.798
2021-01-31,88.0,90.251
2021-02-01,90.0,90.243
2021-02-02,87.0,90.737
2021-02-03,94.0,93.545
2021-02-04,93.0,93.532
2021-02-05,72.0,83.02
2021-02-06,87.0,88.636
2021-02-07,95.0,94.276
2021-02-08,104.66666666666667,94.151
2021-02-09,114.33333333333333,96.926
2021-02-10,124.0,104.887
2021-02-11,123.0,113.042
2021-02-12,89.0,98.502
2021-02-13,118.0,102.131
2021-02-14,128.0,120.72
2021-02-15,127.0,117.903
2021-02-16,115.0,121.818
2021-02-17,127.0,118.09
2021-02-18,135.0,118.151
2021-02-19,92.0,102.231
2021-02-20,99.0,106.823
2021-02-21,71.0,112.724
2021-02-22,120.0,94.586
2021-02-23,115.0,104.826
2021-02-24,153.0,118.677
2021-02-25,138.0,132.637
2021-02-26,105.0,111.666
2021-02-27,134.0,121.251
2021-02-28,157.0,146.168
2021-03-01,168.0,144.042
2021-03-02,135.0,148.328
2021-03-03,158.0,147.876
2021-03-04,148.0,147.888
2021-03-05,114.0,119.602
2021-03-06,144.0,128.278
2021-03-07,173.0,152.447
2021-03-08,172.0,151.68
2021-03-09,157.0,154.287
2021-03-10,173.0,158.207
2021-03-11,172.0,157.7
2021-03-12,124.0,128.678
2021-03-13,159.0,142.077
2021-03-14,161.0,165.383
2021-03-15,161.0,151.896
2021-03-16,158.0,150.127
2021-03-17,107.0,158.829
2021-03-18,179.0,132.785
2021-03-19,121.0,122.181
2021-03-20,151.0,144.326
2021-03-21,201.0,173.996
2021-03-22,192.0,178.594
2021-03-23,173.0,178.379
2021-03-24,190.0,181.411
2021-03-25,182.0,181.877
2021-03-26,108.0,143.563
2021-03-27,155.0,148.519
2021-03-28,177.0,177.378
2021-03-29,190.0,170.388
2021-03-30,190.0,165.747
2021-03-31,190.0,174.258
2021-04-01,207.0,177.225
2021-04-02,145.0,147.907
2021-04-03,175.0,168.152
2021-04-04,217.0,193.694
2021-04-05,138.0,189.411
2021-04-06,144.0,170.496
2021-04-07,159.0,159.409
2021-04-08,161.0,160.853
2021-04-09,135.0,124.783
2021-04-10,178.0,149.97
2021-04-11,208.0,187.124
2021-04-12,209.0,188.214
2021-04-13,199.0,191.615
2021-04-14,128.0,195.965
2021-04-15,131.0,161.528
2021-04-16,120.0,114.997
2021-04-17,108.0,139.565
2021-04-18,121.0,155.363
2021-04-19,131.0,132.921
2021-04-20,136.0,136.406
2021-04-21,150.0,145.71
2021-04-22,141.0,151.781
2021-04-23,109.0,115.506
2021-04-24,125.0,133.559
2021-04-25,193.0,162.804
2021-04-26,200.0,166.883
2021-04-27,202.0,177.422
2021-04-28,206.0,181.673
2021-04-29,203.0,181.617
2021-04-30,158.0,152.146
2021-05-01,155.0,169.444
2021-05-02,201.0,187.915
2021-05-03,185.0,178.771
2021-05-04,188.0,170.07
2021-05-05,184.0,169.571
2021-05-06,178.0,168.121
2021-05-07,154.0,132.451
2021-05-08,166.0,150.636
2021-05-09,190.0,180.774
2021-05-10,145.0,172.828
2021-05-11,160.0,152.829
2021-05-12,134.0,155.919
2021-05-13,111.0,133.334
2021-05-14,89.0,97.234
2021-05-15,57.34,99.617
2021-05-16,57.34,98.552
2021-05-17,145.0,91.288
2021-05-18,166.0,126.883
2021-05-19,184.0,156.521
2021-05-20,192.0,168.407
2021-05-21,138.0,148.808
2021-05-22,178.0,163.806
2021-05-23,219.0,199.81
2021-05-24,219.65999999999985,192.336
2021-05-25,198.0,188.627
2021-05-26,141.0,181.949
2021-05-27,185.0,158.802
2021-05-28,128.0,130.304
2021-05-29,167.0,145.059
2021-05-30,218.0,177.52
2021-05-31,193.0,181.342
2021-06-01,156.0,179.081
2021-06-02,188.0,168.606
2021-06-03,209.0,174.422
2021-06-04,149.0,145.631
2021-06-05,186.0,163.689
2021-06-06,204.0,191.631
2021-06-07,210.0,182.026
2021-06-08,168.0,182.804
2021-06-09,189.0,177.761
2021-06-10,190.0,180.176
2021-06-11,134.0,143.638
2021-06-12,178.0,159.515
2021-06-13,211.0,190.754
2021-06-14,215.0,188.031
2021-06-15,188.0,184.385
2021-06-16,195.0,183.711
2021-06-17,174.0,182.018
2021-06-18,98.0,135.367
2021-06-19,120.0,137.756
2021-06-20,150.0,152.956
2021-06-21,157.0,146.952
2021-06-22,143.0,151.504
2021-06-23,176.0,155.893
2021-06-24,177.0,163.036
2021-06-25,122.0,133.81
2021-06-26,159.0,152.436
2021-06-27,192.0,178.841
2021-06-28,152.0,175.756
2021-06-29,147.0,161.075
2021-06-30,152.0,155.865
2021-07-01,90.0,145.896
2021-07-02,92.0,101.189
2021-07-03,94.0,109.37
2021-07-04,95.0,131.814
2021-07-05,121.0,116.601
2021-07-06,128.0,124.63
2021-07-07,134.0,136.015
2021-07-08,132.0,135.406
2021-07-09,99.0,108.56
2021-07-10,118.0,120.911
2021-07-11,132.0,143.962
2021-07-12,149.0,133.749
2021-07-13,150.0,138.536
2021-07-14,155.0,146.356
2021-07-15,199.0,146.361
2021-07-16,146.0,130.094
2021-07-17,173.0,151.566
2021-07-18,196.0,180.379
2021-07-19,177.0,170.368
2021-07-20,111.0,157.7
2021-07-21,94.0,131.257
2021-07-22,94.0,104.734
2021-07-23,92.0,87.339
2021-07-24,90.0,93.809
2021-07-25,114.0,108.14
2021-07-26,126.0,116.969
2021-07-27,126.0,125.871
2021-07-28,119.0,132.969
2021-07-29,119.0,130.365
2021-07-30,89.0,99.881
2021-07-31,100.0,104.696
2021-08-01,121.0,121.95
2021-08-02,128.0,119.454
2021-08-03,124.0,124.271
2021-08-04,121.0,130.897
2021-08-05,132.0,129.24
2021-08-06,97.0,110.975
2021-08-07,115.0,115.783
2021-08-08,126.0,131.385
2021-08-09,145.0,122.047
2021-08-10,149.0,130.734
2021-08-11,177.0,138.556
2021-08-12,188.0,148.242
2021-08-13,122.0,125.64
2021-08-14,152.0,137.105
2021-08-15,113.0,162.695
2021-08-16,187.0,132.44
2021-08-17,177.0,147.354
2021-08-18,178.0,158.931
2021-08-19,165.0,158.012
2021-08-20,123.0,118.12
2021-08-21,160.0,134.542
2021-08-22,192.0,167.823
2021-08-23,91.0,172.455
2021-08-24,181.0,137.556
2021-08-25,189.0,156.054
2021-08-26,187.0,169.525
2021-08-27,128.0,134.469
2021-08-28,163.0,151.941
2021-08-29,194.0,177.299
2021-08-30,150.0,176.607
2021-08-31,176.0,170.944
2021-09-01,187.0,175.025
2021-09-02,186.0,177.34
2021-09-03,133.0,138.905
2021-09-04,159.0,157.011
2021-09-05,201.0,178.746
2021-09-06,187.0,174.224
2021-09-07,172.0,182.86
2021-09-08,188.0,179.48
2021-09-09,175.0,177.264
2021-09-10,128.0,140.17
2021-09-11,152.0,157.444
2021-09-12,200.0,179.275
2021-09-13,201.0,171.768
2021-09-14,165.0,183.034
2021-09-15,188.0,177.216
2021-09-16,187.0,178.475
2021-09-17,127.0,143.815
2021-09-18,162.0,157.926
2021-09-19,182.0,181.441
2021-09-20,183.0,168.098
2021-09-21,158.0,170.812
2021-09-22,184.0,170.21
2021-09-23,185.0,170.895
2021-09-24,148.0,141.877
2021-09-25,187.0,167.283
2021-09-26,205.5,198.042
2021-09-27,219.65999999999985,189.15
2021-09-28,185.0,191.404
2021-09-29,200.0,191.592
2021-09-30,204.0,184.99
2021-10-01,150.0,151.696
2021-10-02,188.0,170.995
2021-10-03,219.65999999999985,201.444
2021-10-04,219.65999999999985,193.441
2021-10-05,187.0,188.455
2021-10-06,208.0,192.046
2021-10-07,204.0,191.431
2021-10-08,158.0,156.052
2021-10-09,201.0,176.866
2021-10-10,219.65999999999985,207.988
2021-10-11,219.65999999999985,198.891
2021-10-12,212.0,195.864
2021-10-13,215.5,203.288
2021-10-14,219.0,199.125
2021-10-15,156.0,161.951
2021-10-16,191.0,165.184
2021-10-17,219.65999999999985,185.038
2021-10-18,206.0,193.078
2021-10-19,166.0,185.96
2021-10-20,141.0,171.627
2021-10-21,194.0,155.17
2021-10-22,129.0,138.949
2021-10-23,164.0,161.496
2021-10-24,189.0,189.417
2021-10-25,189.0,181.719
2021-10-26,174.0,182.225
2021-10-27,181.0,184.432
2021-10-28,187.0,182.232
2021-10-29,137.0,147.931
2021-10-30,161.0,166.296
2021-10-31,184.0,188.305
2021-11-01,174.0,178.678
2021-11-02,152.0,172.271
2021-11-03,159.0,165.303
2021-11-04,163.0,160.987
2021-11-05,113.0,127.347
2021-11-06,137.0,141.206
2021-11-07,161.0,164.821
2021-11-08,155.0,155.1
2021-11-09,140.0,152.399
2021-11-10,165.0,151.158
2021-11-11,162.0,156.496
2021-11-12,113.0,123.597
2021-11-13,133.0,137.267
2021-11-14,140.0,151.688
2021-11-15,143.0,136.884
2021-11-16,143.0,134.184
2021-11-17,145.0,143.593
2021-11-18,157.0,142.164
2021-11-19,111.0,113.296
2021-11-20,142.0,127.273
2021-11-21,160.0,155.546
2021-11-22,161.0,147.716
2021-11-23,148.0,148.889
2021-11-24,154.0,150.108
2021-11-25,146.0,147.157
2021-11-26,105.0,111.829
2021-11-27,120.0,122.327
2021-11-28,130.0,141.651
2021-11-29,130.0,128.677
2021-11-30,123.0,126.399
2021-12-01,145.0,130.422
2021-12-02,143.0,132.659
2021-12-03,101.0,107.558
2021-12-04,126.0,115.777
2021-12-05,131.0,137.693
2021-12-06,131.0,119.421
2021-12-07,126.0,106.576
2021-12-08,146.0,118.58
2021-12-09,149.0,125.535
2021-12-10,105.0,106.085
2021-12-11,123.0,116.188
2021-12-12,141.0,136.736
2021-12-13,135.0,128.408
2021-12-14,125.0,127.416
2021-12-15,139.0,132.854
2021-12-16,88.0,130.618
2021-12-17,100.0,92.354
2021-12-18,114.0,101.697
2021-12-19,121.0,123.617
2021-12-20,127.0,115.525
2021-12-21,114.0,121.542
2021-12-22,126.0,123.647
2021-12-23,121.0,121.543
2021-12-24,97.0,101.784
2021-12-25,116.0,107.537
2021-12-26,124.0,120.304
2021-12-27,129.0,115.623
2021-12-28,111.0,121.628
2021-12-29,122.0,121.013
2021-12-30,122.0,116.493
2021-12-31,101.0,99.622
2022-01-01,117.0,105.794
2022-01-02,124.0,123.972
2022-01-03,113.0,112.65
2022-01-04,114.0,108.846
2022-01-05,125.0,110.718
2022-01-06,121.0,109.688
2022-01-07,85.0,97.109
2022-01-08,113.0,100.509
2022-01-09,128.0,115.498
2022-01-10,57.34,112.049
2022-01-11,57.34,97.086
2022-01-12,76.0,91.075
2022-01-13,66.0,89.475
2022-01-14,57.34,77.847
2022-01-15,110.0,84.948
2022-01-16,119.0,100.761
2022-01-17,127.0,105.82
2022-01-18,114.0,116.476
2022-01-19,127.0,121.056
2022-01-20,120.0,121.927
2022-01-21,98.0,100.5
2022-01-22,119.0,107.33
2022-01-23,129.0,120.274
2022-01-24,94.0,109.377
2022-01-25,99.0,99.398
2022-01-26,111.0,99.468
2022-01-27,97.0,100.653
2022-01-28,84.0,88.48
2022-01-29,99.0,96.824
2022-01-30,103.0,104.293
2022-01-31,107.0,100.371
2022-02-01,110.0,102.162
2022-02-02,124.0,104.017
2022-02-03,124.0,107.194
2022-02-04,94.0,96.568
2022-02-05,103.0,100.816
2022-02-06,88.0,108.731
2022-02-07,116.0,98.137
2022-02-08,104.0,102.355
2022-02-09,118.0,107.379
2022-02-10,105.0,108.687
2022-02-11,87.0,91.277
2022-02-12,103.0,96.585
2022-02-13,115.0,107.323
2022-02-14,119.0,105.79
2022-02-15,110.0,110.11
2022-02-16,121.0,112.429
2022-02-17,119.0,114.154
2022-02-18,91.0,97.592
2022-02-19,117.0,101.96
2022-02-20,126.0,120.109
2022-02-21,85.0,113.441
2022-02-22,118.0,99.049
2022-02-23,123.0,109.518
2022-02-24,132.0,118.284
2022-02-25,95.0,102.304
2022-02-26,124.0,102.49
2022-02-27,139.0,124.05
2022-02-28,146.0,123.74
2022-03-01,124.0,131.684
2022-03-02,145.0,132.88
2022-03-03,146.0,134.654
2022-03-04,104.0,112.614
2022-03-05,129.0,123.45
2022-03-06,153.0,146.143
2022-03-07,159.0,138.522
2022-03-08,152.0,145.812
2022-03-09,171.0,152.761
2022-03-10,169.0,156.751
2022-03-11,118.0,129.302
2022-03-12,151.0,141.186
2022-03-13,180.0,165.038
2022-03-14,186.0,156.723
2022-03-15,168.0,161.033
2022-03-16,182.0,165.938
2022-03-17,137.0,167.903
2022-03-18,128.0,117.55
2022-03-19,116.0,138.778
2022-03-20,196.0,150.938
2022-03-21,202.0,161.456
2022-03-22,198.0,172.816
2022-03-23,203.0,183.897
2022-03-24,203.0,183.185
2022-03-25,200.0,149.126
2022-03-26,137.0,176.392
2022-03-27,205.0,181.7
2022-03-28,210.0,171.803
2022-03-29,192.0,178.992
2022-03-30,205.0,181.303
2022-03-31,206.0,177.655
2022-04-01,142.0,144.917
2022-04-02,185.0,160.217
2022-04-03,207.0,197.658
2022-04-04,207.0,189.019
2022-04-05,198.0,188.64
2022-04-06,207.0,192.237
2022-04-07,216.0,187.363
2022-04-08,154.0,159.428
2022-04-09,183.0,169.737
2022-04-10,209.0,200.604
2022-04-11,218.0,190.722
2022-04-12,202.0,192.295
2022-04-13,205.0,196.168
2022-04-14,162.0,191.595
2022-04-15,157.0,138.866
2022-04-16,183.0,159.891
2022-04-17,217.0,194.198
2022-04-18,219.65999999999985,191.474
2022-04-19,199.0,191.238
2022-04-20,149.0,193.87
2022-04-21,165.0,165.236
2022-04-22,141.0,130.326
2022-04-23,164.0,150.873
2022-04-24,208.0,183.303
2022-04-25,211.0,184.786
2022-04-26,212.0,188.555
2022-04-27,217.0,195.363
2022-04-28,206.0,196.253
2022-04-29,158.0,162.151
2022-04-30,148.0,168.901
2022-05-01,127.0,185.232
2022-05-02,111.0,148.278
2022-05-03,105.0,134.787
2022-05-04,75.0,119.774
2022-05-05,98.0,99.391
2022-05-06,82.0,88.415
2022-05-07,120.0,102.986
2022-05-08,169.0,146.431
2022-05-09,168.0,157.281
2022-05-10,168.0,161.584
2022-05-11,181.0,165.492
2022-05-12,190.0,169.835
2022-05-13,129.0,141.818
2022-05-14,168.0,150.694
2022-05-15,141.0,177.822
2022-05-16,180.0,151.082
2022-05-17,160.0,158.584
2022-05-18,185.0,160.877
2022-05-19,182.0,162.795
2022-05-20,110.0,133.511
2022-05-21,117.0,138.155
2022-05-22,149.0,149.25
2022-05-23,157.0,143.069
2022-05-24,147.0,146.863
2022-05-25,157.0,153.553
2022-05-26,155.0,151.407
2022-05-27,108.0,117.919
2022-05-28,129.5,128.422
2022-05-29,151.0,150.581
2022-05-30,145.0,143.737
2022-05-31,131.0,144.794
2022-06-01,157.0,144.553
2022-06-02,158.0,147.048
2022-06-03,123.0,121.973
2022-06-04,157.0,135.403
2022-06-05,183.0,165.007
2022-06-06,185.0,164.363
2022-06-07,165.0,169.509
2022-06-08,179.0,171.401
2022-06-09,156.0,169.054
2022-06-10,109.0,125.385
2022-06-11,143.0,134.396
2022-06-12,169.0,159.491
2022-06-13,178.0,153.186
2022-06-14,150.0,158.225
2022-06-15,166.0,156.66
2022-06-16,90.0,151.14
2022-06-17,101.0,103.056
2022-06-18,127.0,110.648
2022-06-19,149.0,141.529
2022-06-20,134.0,137.262
2022-06-21,135.0,134.719
2022-06-22,136.0,140.507
2022-06-23,146.0,138.273
2022-06-24,105.0,115.417
2022-06-25,129.0,126.687
2022-06-26,159.0,149.101
2022-06-27,159.0,144.332
2022-06-28,154.0,147.385
2022-06-29,157.0,151.327
2022-06-30,143.0,145.973
2022-07-01,110.0,116.043
2022-07-02,126.0,128.902
2022-07-03,142.0,151.903
2022-07-04,148.0,139.285
2022-07-05,143.0,141.376
2022-07-06,148.0,145.15
2022-07-07,121.0,140.448
2022-07-08,94.0,110.157
2022-07-09,84.0,104.164
2022-07-10,75.0,105.635
2022-07-11,71.0,93.973
2022-07-12,74.0,89.217
2022-07-13,89.0,90.903
2022-07-14,105.0,98.242
2022-07-15,105.0,92.633
2022-07-16,107.0,106.397
2022-07-17,133.0,131.281
2022-07-18,132.0,130.324
2022-07-19,111.0,134.62
2022-07-20,114.0,132.909
2022-07-21,117.0,124.068
2022-07-22,91.0,99.286
2022-07-23,113.0,106.272
2022-07-24,113.0,125.3
2022-07-25,113.5,112.158
2022-07-26,114.0,111.556
2022-07-27,126.0,116.647
2022-07-28,131.0,123.545
2022-07-29,107.0,105.48
2022-07-30,135.7,115.985
2022-07-31,132.0,139.463
2022-08-01,132.9,130.185
2022-08-02,120.0,127.909
2022-08-03,137.0,129.183
2022-08-04,138.0,130.321
2022-08-05,124.0,110.639
2022-08-06,138.0,127.303
2022-08-07,160.1,147.78
2022-08-08,151.0,143.152
2022-08-09,102.0,142.002
2022-08-10,136.8,125.017
2022-08-11,132.0,128.17
2022-08-12,110.0,107.271
2022-08-13,127.0,122.538
2022-08-14,141.0,143.15
2022-08-15,98.0,132.151
2022-08-16,130.0,111.622
2022-08-17,140.0,130.735
2022-08-18,138.2,138.112
2022-08-19,113.0,114.702
2022-08-20,141.3,126.518
2022-08-21,158.0,151.391
2022-08-22,150.0,144.572
2022-08-23,139.0,146.713
2022-08-24,157.0,143.013
2022-08-25,154.0,144.324
2022-08-26,119.0,122.385
2022-08-27,145.0,136.128
2022-08-28,134.0,158.687
2022-08-29,140.0,136.488
2022-08-30,113.0,135.751
2022-08-31,135.0,135.586
2022-09-01,120.0,135.716
2022-09-02,105.0,108.222
2022-09-03,119.0,116.605
2022-09-04,133.0,139.417
2022-09-05,142.0,123.281
2022-09-06,119.0,131.159
2022-09-07,125.0,133.188
2022-09-08,131.0,129.05
2022-09-09,109.0,108.77
2022-09-10,110.0,120.867
2022-09-11,132.0,132.707
2022-09-12,117.0,117.915
2022-09-13,99.0,111.928
2022-09-14,109.0,106.086
2022-09-15,121.0,103.268
2022-09-16,93.0,97.181
2022-09-17,110.0,104.033
2022-09-18,129.0,124.091
2022-09-19,137.0,121.282
2022-09-20,111.0,126.619
2022-09-21,128.0,125.256
2022-09-22,123.0,124.717
2022-09-23,101.0,102.095
2022-09-24,117.0,111.114
2022-09-25,120.0,134.269
2022-09-26,123.0,120.362
2022-09-27,107.0,118.48
2022-09-28,124.0,117.843
2022-09-29,117.0,117.847
2022-09-30,104.0,99.33
2022-10-01,114.0,111.46
2022-10-02,127.0,126.898
2022-10-03,111.0,112.987
2022-10-04,113.0,104.511
2022-10-05,109.0,111.558
2022-10-06,132.0,96.867
2022-10-07,122.0,94.679
2022-10-08,135.0,115.982
2022-10-09,127.0,143.967
2022-10-10,148.0,119.495
2022-10-11,127.0,128.669
2022-10-12,156.0,132.105
2022-10-13,160.0,134.826
2022-10-14,117.0,115.444
2022-10-15,128.0,123.896
2022-10-16,149.0,141.926
2022-10-17,127.0,134.853
2022-10-18,137.0,129.191
2022-10-19,136.0,134.827
2022-10-20,119.0,132.333
2022-10-21,95.0,104.345
2022-10-22,109.0,108.349
2022-10-23,125.0,127.286
2022-10-24,101.0,114.952
2022-10-25,84.0,98.542
2022-10-26,112.0,99.086
2022-10-27,105.0,106.153
2022-10-28,78.0,94.542
2022-10-29,100.0,98.344
2022-10-30,122.0,110.177
2022-10-31,132.0,111.335
2022-11-01,119.0,122.311
2022-11-02,136.0,126.188
2022-11-03,124.0,128.102
2022-11-04,96.0,102.321
2022-11-05,118.0,107.624
2022-11-06,127.0,126.718
2022-11-07,124.0,115.736
2022-11-08,103.0,117.295
2022-11-09,124.0,114.014
2022-11-10,117.0,113.121
2022-11-11,91.0,97.06
2022-11-12,100.0,101.742
2022-11-13,113.0,110.966
2022-11-14,106.0,105.054
2022-11-15,90.0,102.619
2022-11-16,113.0,101.113
2022-11-17,108.0,101.659
2022-11-18,77.0,91.186
2022-11-19,95.0,95.172
2022-11-20,103.0,102.178
2022-11-21,106.0,100.729
2022-11-22,87.0,101.28
2022-11-23,99.0,100.24
2022-11-24,94.0,98.034
2022-11-25,79.0,85.675
2022-11-26,100.0,91.845
2022-11-27,106.0,101.156
2022-11-28,105.0,99.919
2022-11-29,90.0,100.063
2022-11-30,104.0,101.834
2022-12-01,108.0,101.025
2022-12-02,83.0,89.297
2022-12-03,89.0,93.879
2022-12-04,107.0,98.063
2022-12-05,104.0,96.55
2022-12-06,75.0,96.663
2022-12-07,91.0,93.557
2022-12-08,95.0,91.43
2022-12-09,75.0,81.784
2022-12-10,84.0,88.077
2022-12-11,84.0,94.803
2022-12-12,94.0,90.927
2022-12-13,81.0,90.575
2022-12-14,95.0,92.986
2022-12-15,91.0,94.882
2022-12-16,63.0,83.618
2022-12-17,83.0,84.275
2022-12-18,87.0,91.347
2022-12-19,82.0,91.049
2022-12-20,77.0,89.729
2022-12-21,89.0,91.326
2022-12-22,88.0,92.043
2022-12-23,70.0,81.293
2022-12-24,76.0,87.455
2022-12-25,74.0,90.453
2022-12-26,90.0,85.719
2022-12-27,73.0,89.128
2022-12-28,87.0,88.081
2022-12-29,87.0,88.143
2022-12-30,72.0,79.116
2022-12-31,75.0,85.997
2023-01-01,82.0,89.928
2023-01-02,83.0,88.151
2023-01-03,71.0,88.153
2023-01-04,81.0,87.75
2023-01-05,69.0,85.759
2023-01-06,64.0,71.646
2023-01-07,66.0,77.9
2023-01-08,72.0,83.344
2023-01-09,74.0,82.132
2023-01-10,66.0,82.356
2023-01-11,74.0,83.816
2023-01-12,74.0,83.244
2023-01-13,64.0,72.361
2023-01-14,71.0,79.106
2023-01-15,76.0,84.955
2023-01-16,74.0,84.309
2023-01-17,66.0,83.582
2023-01-18,71.0,84.077
2023-01-19,76.0,82.427
2023-01-20,72.0,72.923
2023-01-21,82.0,81.206
2023-01-22,88.0,88.855
2023-01-23,89.0,89.192
2023-01-24,81.0,89.861
2023-01-25,96.0,91.398
2023-01-26,98.0,92.125
2023-01-27,82.0,83.098
2023-01-28,91.0,89.131
2023-01-29,92.0,93.575
2023-01-30,96.0,91.707
2023-01-31,86.0,91.563
2023-02-01,95.0,92.973
2023-02-02,91.0,92.664
2023-02-03,76.0,82.29
2023-02-04,85.0,87.761
2023-02-05,90.0,92.711
2023-02-06,90.0,91.577
2023-02-07,83.0,92.398
2023-02-08,92.0,93.727
2023-02-09,93.0,92.076
2023-02-10,78.0,81.922
2023-02-11,93.0,89.873
2023-02-12,104.0,97.33
2023-02-13,96.0,96.848
2023-02-14,82.0,99.7
2023-02-15,95.0,98.499
2023-02-16,95.0,97.1
2023-02-17,77.0,87.1
2023-02-18,92.0,93.086
2023-02-19,102.0,99.067
2023-02-20,104.0,96.484
2023-02-21,60.0,97.967
2023-02-22,103.0,88.289
2023-02-23,107.0,92.338
2023-02-24,87.0,87.483
2023-02-25,109.0,94.895
2023-02-26,111.0,109.539
2023-02-27,115.0,107.891
2023-02-28,98.0,110.118
2023-03-01,117.0,111.815
2023-03-02,118.0,112.45
2023-03-03,92.0,97.699
2023-03-04,113.0,103.968
2023-03-05,122.0,122.814
2023-03-06,131.0,116.942
2023-03-07,112.0,123.457
2023-03-08,77.0,127.422
2023-03-09,123.0,101.006
2023-03-10,95.0,95.967
2023-03-11,118.0,107.986
2023-03-12,133.0,129.157
2023-03-13,131.0,128.416
2023-03-14,130.5,128.75
2023-03-15,130.0,134.63
2023-03-16,130.0,129.759
2023-03-17,91.0,99.935
2023-03-18,113.0,99.473
2023-03-19,115.7,115.998
2023-03-20,122.0,105.909
2023-03-21,109.0,104.266
2023-03-22,114.0,104.849
2023-03-23,120.0,104.036
2023-03-24,86.5,94.348
2023-03-25,112.0,100.155
2023-03-26,94.0,113.44
2023-03-27,122.3,97.365
2023-03-28,125.0,103.385
2023-03-29,124.0,118.068
2023-03-30,121.0,119.543
2023-03-31,90.0,96.9
2023-04-01,102.0,99.58
2023-04-02,119.0,109.548
2023-04-03,118.0,111.15
2023-04-04,126.2,116.059
2023-04-05,143.0,124.563
2023-04-06,143.0,131.441
2023-04-07,134.7,112.396
2023-04-08,126.4,132.08
2023-04-09,151.0,151.202
2023-04-10,155.0,143.32
2023-04-11,160.0,145.761
2023-04-12,155.0,153.387
2023-04-13,160.0,152.509
2023-04-14,134.0,123.305
2023-04-15,152.0,136.628
2023-04-16,177.0,164.213
2023-04-17,181.0,159.434
2023-04-18,169.0,160.031
2023-04-19,138.0,161.789
2023-04-20,125.0,140.734
2023-04-21,110.0,106.439
2023-04-22,75.2,102.673
2023-04-23,67.0,98.892
2023-04-24,78.55,89.857
2023-04-25,90.1,88.936
2023-04-26,113.0,102.005
2023-04-27,134.0,118.936
2023-04-28,97.0,109.431
2023-04-29,128.0,116.424
2023-04-30,137.0,146.255
2023-05-01,83.0,139.459
2023-05-02,123.2,113.96
2023-05-03,150.0,127.432
2023-05-04,115.0,139.133
2023-05-05,111.0,106.719
2023-05-06,137.0,118.656
2023-05-07,164.0,147.611
2023-05-08,158.0,149.487
2023-05-09,148.0,156.864
2023-05-10,168.0,155.991
2023-05-11,161.0,154.339
2023-05-12,120.0,127.198
2023-05-13,128.0,138.838
2023-05-14,124.6,152.72
2023-05-15,131.0,131.156
2023-05-16,117.0,131.631
2023-05-17,123.0,132.511
2023-05-18,120.4,123.984
2023-05-19,103.0,100.674
2023-05-20,132.0,109.924
2023-05-21,153.0,139.047
2023-05-22,147.2,132.827
2023-05-23,137.0,138.903
2023-05-24,128.0,140.403
2023-05-25,132.0,133.385
2023-05-26,99.0,108.524
2023-05-27,117.0,115.561
2023-05-28,133.0,131.419
2023-05-29,140.0,131.102
2023-05-30,124.1,136.918
2023-05-31,145.7,140.609
2023-06-01,161.0,143.974
2023-06-02,128.0,125.108
2023-06-03,147.0,143.156
2023-06-04,160.0,165.106
2023-06-05,156.0,153.62
2023-06-06,156.0,153.918
2023-06-07,173.0,160.27
2023-06-08,164.0,160.118
2023-06-09,99.0,126.225
2023-06-10,129.0,129.428
2023-06-11,142.0,149.808
2023-06-12,132.0,139.76
2023-06-13,137.0,137.116
2023-06-14,162.0,140.178
2023-06-15,151.3,145.148
2023-06-16,122.0,116.242
2023-06-17,144.0,128.999
2023-06-18,154.0,155.396
2023-06-19,156.0,142.153
2023-06-20,146.0,143.201
2023-06-21,149.0,147.417
2023-06-22,149.0,143.635
2023-06-23,109.2,116.033
2023-06-24,123.0,125.869
2023-06-25,142.0,144.621
2023-06-26,133.0,135.025
2023-06-27,81.7,133.3
2023-06-28,64.0,101.722
2023-06-29,57.34,86.574
2023-06-30,57.34,67.939
2023-07-01,58.0,77.12
2023-07-02,81.5,85.495
2023-07-03,95.0,92.307
2023-07-04,99.0,98.621
2023-07-05,121.0,110.655
2023-07-06,105.5,119.309
2023-07-07,90.0,97.646
2023-07-08,119.0,104.342
2023-07-09,133.7,131.227
2023-07-10,140.0,130.338
2023-07-11,140.0,135.212
2023-07-12,140.0,141.293
2023-07-13,174.4,140.517
2023-07-14,104.0,123.333
2023-07-15,120.0,132.706
2023-07-16,137.0,141.525
2023-07-17,142.2,134.058
2023-07-18,128.0,132.459
2023-07-19,150.0,134.534
2023-07-20,152.0,137.432
2023-07-21,112.0,114.752
2023-07-22,134.5,125.462
2023-07-23,157.0,147.676
2023-07-24,160.8,144.046
2023-07-25,144.0,149.45
2023-07-26,151.7,151.493
2023-07-27,163.0,146.298
2023-07-28,116.0,118.957
2023-07-29,120.0,133.488
2023-07-30,173.0,143.442
2023-07-31,182.0,149.664
2023-08-01,155.5,159.472
2023-08-02,150.0,160.139
2023-08-03,152.0,150.265
2023-08-04,118.0,117.1
2023-08-05,140.0,131.139
2023-08-06,148.0,159.021
2023-08-07,146.5,140.409
2023-08-08,128.0,133.929
2023-08-09,155.0,135.309
2023-08-10,156.0,143.167
2023-08-11,115.2,119.729
2023-08-12,140.0,131.577
2023-08-13,141.0,156.774
2023-08-14,121.0,142.348
2023-08-15,101.0,131.374
2023-08-16,131.5,120.3
2023-08-17,162.0,123.547
2023-08-18,120.5,115.183
2023-08-19,141.0,133.367
2023-08-20,163.0,160.869
2023-08-21,168.0,154.818
2023-08-22,144.9,159.793
2023-08-23,157.0,158.006
2023-08-24,160.0,151.521
2023-08-25,113.0,120.648
2023-08-26,134.0,129.133
2023-08-27,134.0,151.021
2023-08-28,145.0,134.541
2023-08-29,144.0,137.207
2023-08-30,165.0,149.464
2023-08-31,134.5,158.517
2023-09-01,104.0,121.483
2023-09-02,129.4,127.064
2023-09-03,135.0,149.571
2023-09-04,145.0,135.821
2023-09-05,126.0,137.185
2023-09-06,122.0,140.312
2023-09-07,142.0,133.584
2023-09-08,101.3,109.21
2023-09-09,128.0,114.857
2023-09-10,140.0,146.319
2023-09-11,142.0,138.99
2023-09-12,123.5,137.277
2023-09-13,144.0,135.101
2023-09-14,138.0,136.294
2023-09-15,124.0,110.146
2023-09-16,128.0,127.312
2023-09-17,151.0,149.748
2023-09-18,141.0,140.774
2023-09-19,123.5,135.562
2023-09-20,138.0,131.606
2023-09-21,112.0,129.344
2023-09-22,82.0,99.544
2023-09-23,94.5,101.079
2023-09-24,115.0,111.946
2023-09-25,120.0,111.297
2023-09-26,116.0,117.996
2023-09-27,140.0,127.061
2023-09-28,111.0,134.347
2023-09-29,112.0,101.618
2023-09-30,130.0,114.438
2023-10-01,145.0,139.319
2023-10-02,148.0,132.695
2023-10-03,148.0,133.865
2023-10-04,130.8,139.71
2023-10-05,131.0,129.429
2023-10-06,131.0,101.352
2023-10-07,117.0,116.652
2023-10-08,138.7,134.214
2023-10-09,144.0,127.823
2023-10-10,123.7,130.306
2023-10-11,144.0,131.354
2023-10-12,144.0,132.922
2023-10-13,101.0,111.251
2023-10-14,118.0,116.519
2023-10-15,142.0,135.922
2023-10-16,138.0,130.757
2023-10-17,130.0,131.857
2023-10-18,132.0,135.466
2023-10-19,134.0,131.084
2023-10-20,106.0,108.56
2023-10-21,128.0,118.481
2023-10-22,130.0,143.687
2023-10-23,130.0,130.394
2023-10-24,76.0,125.401
2023-10-25,125.0,94.545
2023-10-26,128.0,106.016
2023-10-27,98.0,100.799
2023-10-28,104.0,109.99
2023-10-29,110.3,129.238
2023-10-30,117.0,113.85
2023-10-31,106.0,115.503
2023-11-01,122.0,122.849
2023-11-02,121.2,119.576
2023-11-03,109.0,98.877
2023-11-04,131.0,108.302
2023-11-05,128.0,134.503
2023-11-06,123.7,123.717
2023-11-07,91.0,122.723
2023-11-08,118.0,109.007
2023-11-09,114.0,109.106
2023-11-10,88.0,95.318
2023-11-11,123.0,100.02
2023-11-12,111.7,121.132
2023-11-13,113.8,110.122
2023-11-14,99.0,106.472
2023-11-15,115.0,108.422
2023-11-16,108.0,109.785
2023-11-17,72.0,92.337
2023-11-18,90.0,87.91
2023-11-19,104.0,96.458
2023-11-20,110.0,97.65
2023-11-21,84.0,100.356
2023-11-22,101.4,99.743
2023-11-23,99.0,98.616
2023-11-24,77.0,87.692
2023-11-25,96.0,93.921
2023-11-26,108.6,101.196
2023-11-27,131.0,100.474
2023-11-28,103.0,106.819
2023-11-29,115.0,110.347
2023-11-30,115.0,106.788
2023-12-01,95.0,93.072
2023-12-02,105.0,99.861
2023-12-03,105.0,109.509
2023-12-04,105.0,100.645
2023-12-05,99.0,97.025
2023-12-06,107.0,97.321
2023-12-07,85.2,96.275
2023-12-08,74.0,77.32
2023-12-09,81.0,83.967
2023-12-10,82.0,92.206
2023-12-11,85.0,90.128
2023-12-12,74.0,87.994
2023-12-13,81.6,88.591
2023-12-14,81.0,87.939
2023-12-15,67.0,78.929
2023-12-16,58.0,84.554
2023-12-17,78.6,82.877
2023-12-18,75.0,84.952
2023-12-19,82.0,85.792
2023-12-20,96.0,90.084
2023-12-21,99.0,92.11
2023-12-22,78.0,84.378
2023-12-23,93.0,91.107
2023-12-24,96.0,96.232
2023-12-25,90.0,94.611
2023-12-26,88.8,91.943
2023-12-27,106.0,93.784
2023-12-28,104.0,95.622
2023-12-29,104.0,87.019
2023-12-30,98.0,97.609
2023-12-31,95.0,103.239
2024-01-01,96.0,95.935
2024-01-02,80.9,94.709
2024-01-03,90.0,93.0
2024-01-04,93.0,91.191
2024-01-05,83.0,80.597
2024-01-06,78.6,88.118
2024-01-07,58.0,91.957
2024-01-08,86.0,81.851
2024-01-09,77.3,85.532
2024-01-10,150.0,89.67
2024-01-11,89.0,104.605
2024-01-12,110.0,90.844
2024-01-13,84.0,99.029
2024-01-14,85.0,101.837
2024-01-15,89.0,95.012
2024-01-16,82.0,93.599
2024-01-17,90.0,94.776
2024-01-18,90.0,92.885
2024-01-19,81.0,82.379
2024-01-20,87.0,87.653
2024-01-21,91.0,92.192
2024-01-22,90.0,91.212
2024-01-23,81.0,91.132
2024-01-24,94.0,92.292
2024-01-25,95.0,91.964
2024-01-26,85.2,83.634
2024-01-27,88.6,89.826
2024-01-28,92.0,94.492
2024-01-29,94.0,93.771
2024-01-30,96.0,94.8
2024-01-31,98.0,97.703
2024-02-01,101.0,96.464
2024-02-02,88.0,85.807
2024-02-03,92.2,91.01
2024-02-04,98.0,96.867
2024-02-05,98.0,96.36
2024-02-06,98.0,97.483
2024-02-07,103.0,97.631
2024-02-08,99.0,97.631
2024-02-09,83.0,87.158
2024-02-10,93.0,92.849
2024-02-11,99.0,98.72
2024-02-12,112.4,97.544
2024-02-13,87.0,101.998
2024-02-14,101.0,101.129
2024-02-15,92.1,99.461
2024-02-16,83.2,86.196
2024-02-17,95.1,92.814
2024-02-18,106.0,100.665
2024-02-19,109.0,100.474
2024-02-20,92.0,104.505
2024-02-21,80.0,100.33
2024-02-22,117.0,90.245
2024-02-23,86.6,85.129
2024-02-24,103.0,93.446
2024-02-25,102.0,104.604
2024-02-26,67.2,100.323
2024-02-27,93.0,90.224
2024-02-28,110.0,96.55
2024-02-29,113.0,104.091
2024-03-01,90.0,94.105
2024-03-02,102.0,101.157
2024-03-03,114.0,115.433
2024-03-04,111.0,111.331
2024-03-05,105.0,111.475
2024-03-06,114.0,111.529
2024-03-07,110.0,112.414
2024-03-08,95.0,97.146
2024-03-09,152.0,105.374
2024-03-10,98.0,143.61
2024-03-11,148.0,122.585
2024-03-12,112.0,131.003
2024-03-13,124.0,130.605
2024-03-14,131.5,128.535
2024-03-15,102.0,101.611
2024-03-16,112.83333333333333,112.796
2024-03-17,123.66666666666667,127.174
2024-03-18,134.5,119.576
2024-03-19,129.0,125.953
2024-03-20,120.0,128.652
2024-03-21,111.0,118.989
2024-03-22,91.0,93.854
2024-03-23,108.0,99.856
2024-03-24,125.2,114.789
2024-03-25,130.0,111.961
2024-03-26,103.0,116.041
2024-03-27,132.0,108.348
2024-03-28,133.0,115.816
2024-03-29,115.0,100.225
2024-03-30,134.8,115.829
2024-03-31,142.0,135.428
2024-04-01,159.2,128.746
2024-04-02,161.0,137.1
2024-04-03,156.2,149.183
2024-04-04,161.0,149.311
2024-04-05,128.0,122.08
2024-04-06,143.0,130.493
2024-04-07,117.0,156.489
2024-04-08,124.0,125.832
2024-04-09,105.6,124.961
2024-04-10,87.0,125.335
2024-04-11,83.0,101.806
2024-04-12,77.5,80.461
2024-04-13,72.0,86.189
2024-04-14,73.0,92.965
2024-04-15,120.5,89.632
2024-04-16,134.0,106.891
2024-04-17,155.0,130.312
2024-04-18,157.0,142.028
2024-04-19,123.0,124.247
2024-04-20,155.0,137.632
2024-04-21,182.0,165.733
2024-04-22,172.0,159.924
2024-04-23,146.0,150.414
2024-04-24,164.0,143.532
2024-04-25,169.0,143.771
2024-04-26,129.3,122.824
2024-04-27,154.0,138.342
2024-04-28,177.0,160.062
2024-04-29,169.0,153.225
2024-04-30,158.0,156.474
2024-05-01,110.0,147.393
2024-05-02,183.0,126.001
2024-05-03,183.0,109.54
2024-05-04,156.0,146.111
2024-05-05,170.3,178.822
2024-05-06,132.0,159.344
2024-05-07,115.0,141.153
2024-05-08,115.0,138.55
2024-05-09,145.0,134.425
2024-05-10,105.0,114.165
2024-05-11,115.2,127.1
2024-05-12,143.0,146.22
2024-05-13,158.0,137.723
2024-05-14,149.0,147.828
2024-05-15,181.0,157.006
2024-05-16,186.0,174.944
2024-05-17,151.0,150.436
2024-05-18,150.0,165.109
2024-05-19,188.0,184.265
2024-05-20,173.0,167.551
2024-05-21,154.8,159.458
2024-05-22,149.0,157.703
2024-05-23,174.0,154.468
2024-05-24,127.4,133.801
2024-05-25,165.0,148.414
2024-05-26,180.0,178.984
2024-05-27,135.8,164.132
2024-05-28,118.0,126.13
2024-05-29,160.0,128.333
2024-05-30,163.0,143.67
2024-05-31,118.0,120.304
2024-06-01,158.0,135.687
2024-06-02,180.0,169.6
2024-06-03,184.0,164.261
2024-06-04,173.0,168.444
2024-06-05,173.0,175.135
2024-06-06,166.0,171.188
2024-06-07,134.0,131.347
2024-06-08,154.2,148.294
2024-06-09,111.0,173.65
2024-06-10,134.6,137.371
2024-06-11,176.0,135.623
2024-06-12,180.0,158.566
2024-06-13,140.5,168.214
2024-06-14,101.0,124.418
2024-06-15,104.3,129.711
2024-06-16,95.0,131.027
2024-06-17,81.0,105.079
2024-06-18,73.8,97.024
2024-06-19,88.0,92.268
2024-06-20,82.0,89.302
2024-06-21,74.0,83.662
2024-06-22,102.0,94.661
2024-06-23,126.65,112.408
2024-06-24,151.3,119.076
2024-06-25,142.0,138.525
2024-06-26,142.5,148.158
2024-06-27,153.0,144.123
2024-06-28,153.0,120.386
2024-06-29,153.0,142.177
2024-06-30,147.5,158.91
2024-07-01,142.0,142.946
2024-07-02,104.0,137.445
2024-07-03,123.0,125.199
2024-07-04,116.0,121.777
2024-07-05,86.0,97.492
2024-07-06,112.0,101.165
2024-07-07,151.0,124.943
2024-07-08,150.7,132.772
2024-07-09,134.0,137.04
2024-07-10,153.0,140.81
2024-07-11,126.0,141.843
2024-07-12,94.0,111.44
2024-07-13,126.0,116.406
2024-07-14,151.0,142.8
2024-07-15,153.0,140.321
2024-07-16,132.0,142.396
2024-07-17,124.0,142.816
2024-07-18,121.32857142857142,132.9
2024-07-19,118.65714285714286,103.828
2024-07-20,115.98571428571428,120.933
2024-07-21,113.31428571428572,138.405
2024-07-22,110.64285714285714,116.902
2024-07-23,107.97142857142856,109.519
2024-07-24,105.3,111.564
2024-07-25,117.53333333333333,108.164
2024-07-26,129.76666666666668,95.641
2024-07-27,142.0,117.826
2024-07-28,137.42857142857142,151.246
2024-07-29,132.85714285714286,137.8
2024-07-30,128.28571428571428,134.288
2024-07-31,123.71428571428572,136.817
2024-08-01,119.14285714285714,132.286
2024-08-02,114.57142857142857,102.657
2024-08-03,110.0,106.806
2024-08-04,89.75,124.215
2024-08-05,69.5,102.085
2024-08-06,97.0,91.628
2024-08-07,114.0,95.531
2024-08-08,121.0,101.444
2024-08-09,145.0,97.842
2024-08-10,110.0,124.416
2024-08-11,92.6,139.531
2024-08-12,95.0,111.764
2024-08-13,104.0,106.612
2024-08-14,106.93333333333334,110.464
2024-08-15,109.86666666666666,111.037
2024-08-16,112.8,96.134
2024-08-17,115.73333333333333,109.025
2024-08-18,118.66666666666667,128.146
2024-08-19,121.6,117.509
2024-08-20,124.53333333333333,120.352
2024-08-21,156.0,126.79
2024-08-22,156.0,137.111
2024-08-23,117.5,121.118
2024-08-24,140.0,127.15
2024-08-25,144.5,145.705
2024-08-26,146.5,135.286
2024-08-27,139.0,137.228
2024-08-28,148.0,140.197
2024-08-29,148.4,140.365
2024-08-30,148.8,118.361
2024-08-31,149.2,136.989
2024-09-01,149.6,157.733
2024-09-02,150.0,140.604
2024-09-03,149.11428571428573,139.247
2024-09-04,148.22857142857143,144.836
2024-09-05,147.34285714285716,141.545
2024-09-06,146.45714285714286,114.473
2024-09-07,145.57142857142858,134.612
2024-09-08,144.68571428571428,158.376
2024-09-09,143.8,140.865
2024-09-10,134.9,138.158
2024-09-11,126.0,140.862
2024-09-12,101.0,133.617
2024-09-13,105.0,100.293
2024-09-14,109.0,109.33
2024-09-15,113.0,133.179
2024-09-16,131.25,108.451
2024-09-17,149.5,114.08
2024-09-18,140.55,138.14
2024-09-19,131.6,141.97
2024-09-20,137.2,117.629
2024-09-21,142.79999999999998,137.791
2024-09-22,148.4,163.253
2024-09-23,154.0,147.864
2024-09-24,160.0,143.756
2024-09-25,131.0,146.247
2024-09-26,137.0,132.768
2024-09-27,94.0,108.586
2024-09-28,110.5,111.323
2024-09-29,127.0,129.929
2024-09-30,147.0,125.471
2024-10-01,96.0,135.693
2024-10-02,102.66666666666667,122.402
2024-10-03,109.33333333333333,108.681
2024-10-04,116.0,95.893
2024-10-05,122.66666666666666,110.899
2024-10-06,129.33333333333331,137.817
2024-10-07,136.0,126.816
2024-10-08,130.0,128.322
2024-10-09,124.0,131.783
2024-10-10,128.5,126.23
2024-10-11,133.0,102.275
2024-10-12,81.0,103.55
2024-10-13,88.5,94.663
2024-10-14,96.0,87.498
2024-10-15,139.0,95.915
2024-10-16,114.0,118.409
2024-10-17,137.0,122.936
2024-10-18,135.0,103.21
2024-10-19,97.0,120.578
2024-10-20,123.0,131.42
2024-10-21,136.0,120.22
2024-10-22,134.0,125.541
2024-10-23,126.0,130.693
2024-10-24,141.0,126.694
2024-10-25,126.0,105.268
2024-10-26,126.0,118.298
2024-10-27,113.0,137.259
2024-10-28,141.0,116.331
2024-10-29,143.0,125.001
2024-10-30,125.0,134.003
2024-10-31,144.0,130.413
2024-11-01,132.0,107.195
2024-11-02,130.6,119.366
2024-11-03,129.2,140.658
2024-11-04,127.8,125.339
2024-11-05,126.4,121.694
2024-11-06,125.0,122.181
2024-11-07,133.33333333333334,120.716
2024-11-08,141.66666666666666,101.706
2024-11-09,150.0,119.339
2024-11-10,96.0,149.344
2024-11-11,135.5,117.551
2024-11-12,84.2,123.257
2024-11-13,109.0,111.421
2024-11-14,133.8,111.837
2024-11-15,134.0,102.359
2024-11-16,98.0,122.188
2024-11-17,98.0,129.308
2024-11-18,116.0,108.983
2024-11-19,114.0,110.365
2024-11-20,88.0,118.263
2024-11-21,91.15,106.81
2024-11-22,94.3,90.712
2024-11-23,97.44999999999999,98.403
2024-11-24,100.6,107.985
2024-11-25,113.0,102.523
2024-11-26,109.0,104.063
2024-11-27,90.0,109.081
2024-11-28,112.0,102.891
2024-11-29,112.0,93.858
2024-11-30,89.0,104.375
2024-12-01,105.0,106.88
2024-12-02,101.0,102.218
2024-12-03,97.0,99.244
2024-12-04,94.0,98.659
2024-12-05,91.0,96.982
2024-12-06,88.0,84.279
2024-12-07,93.4,90.972
2024-12-08,98.8,99.76
2024-12-09,104.2,97.624
2024-12-10,109.6,98.131
2024-12-11,115.0,101.399
2024-12-12,76.0,102.545
2024-12-13,80.7,83.974
2024-12-14,85.4,88.843
2024-12-15,88.7,96.174
2024-12-16,92.0,94.782
2024-12-17,83.5,93.685
2024-12-18,75.0,92.388
2024-12-19,95.0,90.971
2024-12-20,98.0,83.712
2024-12-21,79.0,94.972
2024-12-22,90.0,95.145
2024-12-23,87.0,93.129
2024-12-24,88.53333333333333,94.604
2024-12-25,90.06666666666666,96.45
2024-12-26,91.6,95.463
2024-12-27,93.19999999999999,86.066
2024-12-28,94.8,95.503
2024-12-29,96.4,102.99
2024-12-30,98.0,97.848
2024-12-31,84.0,97.84
2025-01-01,86.0,95.102
2025-01-02,88.0,92.16
2025-01-03,81.0,80.5
2025-01-04,89.6,87.254
2025-01-05,93.0,94.062
2025-01-06,96.0,93.313
2025-01-07,81.5,94.29
2025-01-08,87.0,93.834
2025-01-09,92.0,91.445
2025-01-10,76.6,81.992
2025-01-11,84.0,88.518
2025-01-12,93.0,94.045
2025-01-13,87.0,94.471
2025-01-14,81.0,94.102
2025-01-15,98.0,93.679
2025-01-16,98.0,95.412
2025-01-17,78.4,86.798
2025-01-18,91.0,92.703
2025-01-19,95.0,96.826
2025-01-20,95.0,94.76
2025-01-21,79.0,94.487
2025-01-22,95.3,93.737
2025-01-23,88.0,93.86
2025-01-24,80.0,82.353
2025-01-25,86.8,89.669
2025-01-26,95.0,94.63
2025-01-27,92.0,94.476
2025-01-28,84.5,94.511
2025-01-29,96.0,95.833
2025-01-30,97.0,96.839
2025-01-31,85.0,84.578
2025-02-01,94.0,90.596
2025-02-02,101.0,95.907
2025-02-03,101.0,95.911
2025-02-04,85.0,97.511
2025-02-05,102.0,97.506
2025-02-06,104.3,98.445
2025-02-07,84.0,89.724
2025-02-08,88.2,95.908
2025-02-09,95.0,100.694
2025-02-10,100.0,97.012
2025-02-11,89.0,98.666
2025-02-12,111.0,97.752
2025-02-13,118.0,99.429
2025-02-14,85.0,92.537
2025-02-15,66.0,100.013
2025-02-16,107.0,94.967
2025-02-17,111.0,98.896
2025-02-18,100.0,105.203
2025-02-19,115.4,106.791
2025-02-20,117.0,110.127
2025-02-21,83.2,96.734
2025-02-22,105.0,97.429
2025-02-23,115.0,113.817
2025-02-24,111.0,107.352
2025-02-25,107.3,109.386
2025-02-26,112.0,113.394
2025-02-27,105.0,113.257
2025-02-28,98.0,94.469
2025-03-01,118.0,102.435
2025-03-02,118.0,122.553
2025-03-03,117.8,115.736
2025-03-04,110.0,119.08
2025-03-05,114.2,123.655
2025-03-06,110.0,121.573
2025-03-07,92.0,99.427
2025-03-08,103.0,104.556
2025-03-09,123.0,121.083
2025-03-10,127.0,117.904
2025-03-11,130.0,127.001
2025-03-12,129.0,134.292
2025-03-13,138.0,133.967
2025-03-14,112.0,111.608
2025-03-15,129.0,121.12
2025-03-16,149.0,139.211
2025-03-17,149.0,131.249
2025-03-18,134.0,134.286
2025-03-19,138.0,136.979
2025-03-20,140.0,137.095
2025-03-21,105.0,110.468
2025-03-22,107.0,116.846
2025-03-23,122.0,123.965
2025-03-24,126.0,120.567
2025-03-25,130.0,127.151
2025-03-26,113.0,134.202
2025-03-27,141.1,124.15
2025-03-28,114.0,109.641
2025-03-29,111.0,112.838
2025-03-30,98.0,122.241
2025-03-31,90.0,99.01
2025-04-01,70.0,93.682
2025-04-02,69.0,89.86
2025-04-03,73.0,86.902
2025-04-04,77.0,75.354
2025-04-05,104.7,86.087
2025-04-06,143.0,99.261
2025-04-07,135.0,120.757
2025-04-08,132.0,134.523
2025-04-09,150.0,141.211
2025-04-10,150.0,145.927
2025-04-11,115.0,122.881
2025-04-12,139.0,132.068
2025-04-13,153.0,150.516
2025-04-14,120.0,144.122
2025-04-15,139.0,134.0
2025-04-16,163.4,139.135
2025-04-17,131.0,145.607
2025-04-18,101.0,115.562
2025-04-19,127.0,112.466
2025-04-20,149.0,133.416
2025-04-21,140.0,129.902
2025-04-22,140.0,128.237
2025-04-23,171.0,133.962
2025-04-24,170.6,142.362
2025-04-25,127.0,121.27
2025-04-26,159.0,137.41
2025-04-27,176.0,163.704
2025-04-28,141.3,153.985
2025-04-29,125.0,139.288
2025-04-30,147.0,136.23
2025-05-01,86.0,136.826
2025-05-02,106.3,96.065
2025-05-03,129.0,111.609
2025-05-04,149.0,147.665
2025-05-05,151.0,141.764
2025-05-06,138.7,149.529
2025-05-07,157.0,152.615
2025-05-08,166.0,153.644
2025-05-09,131.0,131.027
2025-05-10,169.0,152.567
2025-05-11,160.0,182.334
2025-05-12,162.0,163.65
2025-05-13,160.0,155.12
2025-05-14,185.7,158.082
2025-05-15,155.0,160.348
2025-05-16,134.0,129.471
2025-05-17,168.0,144.345
2025-05-18,138.0,175.327
2025-05-19,150.0,144.971
2025-05-20,148.0,140.04
2025-05-21,147.0,143.697
2025-05-22,146.0,137.345
2025-05-23,121.6,113.352
2025-05-24,168.0,130.017
2025-05-25,170.0,163.96
2025-05-26,168.7,157.876
2025-05-27,163.0,157.177
2025-05-28,173.3,163.294
2025-05-29,139.0,159.683
2025-05-30,110.0,113.396
2025-05-31,145.0,124.686
2025-06-01,146.4,149.864
2025-06-02,145.0,142.848
2025-06-03,145.0,142.61
2025-06-04,130.0,148.362
2025-06-05,98.0,139.609
2025-06-06,96.0,95.976
2025-06-07,71.3,101.769
2025-06-08,73.0,99.768
2025-06-09,78.0,93.024
2025-06-10,81.0,92.414
2025-06-11,88.0,92.858
2025-06-12,101.0,92.058
2025-06-13,108.0,84.737
2025-06-14,133.0,99.884
2025-06-15,162.2,127.06
2025-06-16,158.0,141.132
2025-06-17,132.0,148.153
2025-06-18,151.0,144.737
2025-06-19,149.0,144.11
2025-06-20,113.0,120.584
2025-06-21,144.0,126.187
2025-06-22,160.0,147.452
2025-06-23,153.6,144.548
2025-06-24,145.0,144.965
2025-06-25,168.0,144.947
2025-06-26,158.0,146.247
2025-06-27,119.4,121.896
2025-06-28,148.0,131.022
2025-06-29,150.0,153.659
2025-06-30,155.0,140.713
2025-07-01,131.4,138.787
2025-07-02,150.0,139.353
2025-07-03,149.0,139.666
2025-07-04,114.0,115.984
2025-07-05,129.3,128.133
2025-07-06,103.0,148.425
2025-07-07,140.0,115.806
2025-07-08,116.0,124.888
2025-07-09,126.0,128.047
2025-07-10,134.0,123.863
2025-07-11,111.0,105.298
2025-07-12,135.0,123.058
2025-07-13,158.0,150.66
2025-07-14,136.0,145.618
2025-07-15,117.6,136.492
2025-07-16,148.0,134.011
2025-07-17,141.7,139.237
2025-07-18,118.8,115.567
2025-07-19,136.4,129.618
2025-07-20,154.0,149.55
2025-07-21,155.0,143.843
2025-07-22,141.0,146.0
2025-07-23,162.5,149.453
2025-07-24,155.0,151.909
2025-07-25,114.0,122.616
2025-07-26,135.0,129.156
2025-07-27,161.0,149.097
2025-07-28,139.8,143.426
2025-07-29,129.0,137.303
2025-07-30,149.7,137.167
2025-07-31,141.0,139.601
2025-08-01,107.6,113.466
2025-08-02,140.0,125.495
2025-08-03,153.6,151.678
2025-08-04,148.0,142.492
2025-08-05,91.0,139.75
2025-08-06,146.0,120.459
2025-08-07,144.0,132.95
2025-08-08,100.0,114.376
2025-08-09,127.6,123.283
2025-08-10,150.0,147.988
2025-08-11,157.0,142.759
2025-08-12,133.0,149.338
2025-08-13,144.0,153.211
2025-08-14,140.0,142.598
2025-08-15,117.0,113.732
2025-08-16,130.0,130.366
2025-08-17,151.0,154.991
2025-08-18,153.4,141.61
2025-08-19,127.0,142.964
2025-08-20,145.0,140.926
2025-08-21,149.0,138.12
2025-08-22,107.0,113.844
2025-08-23,122.0,125.008
2025-08-24,137.0,144.462
2025-08-25,136.0,133.78
2025-08-26,123.0,133.412
2025-08-27,147.0,138.296
2025-08-28,140.0,141.086
2025-08-29,114.0,113.386
2025-08-30,127.0,125.254
2025-08-31,131.0,148.716
2025-09-01,152.0,136.125
2025-09-02,127.7,142.28
2025-09-03,154.3,143.084
2025-09-04,150.0,145.293
2025-09-05,122.0,117.637
2025-09-06,116.0,133.896
2025-09-07,151.6,149.002
2025-09-08,151.0,142.405
2025-09-09,131.0,144.731
2025-09-10,152.0,147.941
2025-09-11,144.0,146.528
2025-09-12,114.0,116.221
2025-09-13,138.0,125.757
2025-09-14,133.4,151.097
2025-09-15,142.8,131.907
2025-09-16,109.0,130.958
2025-09-17,145.0,127.398
2025-09-18,141.0,133.083
2025-09-19,118.0,111.896
2025-09-20,136.5,126.185
2025-09-21,150.0,152.006
2025-09-22,135.0,144.124
2025-09-23,139.0,133.499
2025-09-24,143.0,139.993
2025-09-25,149.0,139.081
2025-09-26,115.3,115.902
2025-09-27,137.5,128.431
2025-09-28,143.0,153.183
2025-09-29,147.0,142.341
2025-09-30,127.4,144.039
2025-10-01,105.7,143.642
2025-10-02,92.3,102.252
2025-10-03,100.0,78.256
2025-10-04,125.0,87.704
2025-10-05,136.5,100.934
2025-10-06,130.0,117.582
2025-10-07,110.0,124.005
2025-10-08,128.7,121.554
2025-10-09,124.7,126.191
2025-10-10,100.0,104.357
2025-10-11,110.0,109.902
2025-10-12,128.4,122.871
2025-10-13,131.0,117.158
2025-10-14,115.0,125.144
2025-10-15,133.0,126.987
2025-10-16,131.0,128.578
2025-10-17,108.0,108.287
2025-10-18,131.0,118.711
2025-10-19,137.0,143.583
2025-10-20,145.0,133.059
2025-10-21,127.0,133.68
2025-10-22,145.0,134.174
2025-10-23,131.0,134.937
2025-10-24,115.0,110.894
2025-10-25,132.0,123.581
2025-10-26,147.0,148.392
2025-10-27,143.5,138.305
2025-10-28,120.4,138.131
2025-10-29,146.0,135.219
2025-10-30,140.0,134.123
2025-10-31,115.0,110.208
2025-11-01,131.0,122.439
2025-11-02,127.7,140.899
2025-11-03,125.0,120.897
2025-11-04,102.0,116.106
2025-11-05,129.5,113.625
2025-11-06,130.5,113.314
2025-11-07,101.6,99.892
2025-11-08,117.0,107.359
2025-11-09,117.0,129.235
2025-11-10,111.2,114.664
2025-11-11,93.0,111.209
2025-11-12,96.1,109.968
2025-11-13,99.2,103.835
2025-11-14,84.0,91.125
2025-11-15,94.0,98.023
2025-11-16,101.0,107.432
2025-11-17,105.0,102.267
2025-11-18,87.0,102.802
2025-11-19,104.0,103.619
2025-11-20,104.0,104.105
2025-11-21,82.2,92.473
2025-11-22,91.6,97.758
2025-11-23,96.0,103.426
2025-11-24,93.0,98.838
2025-11-25,74.0,96.853
2025-11-26,94.5,94.15
2025-11-27,94.0,94.932
2025-11-28,76.0,85.591
2025-11-29,88.6,92.522
2025-11-30,86.7,100.233
2025-12-01,88.0,96.133
2025-12-02,70.0,93.27
2025-12-03,83.8,91.094
2025-12-04,82.0,89.502
2025-12-05,74.0,77.509
2025-12-06,79.0,84.276
2025-12-07,80.2,92.048
2025-12-08,82.0,87.898
2025-12-09,64.0,86.716
2025-12-10,78.0,85.809
2025-12-11,80.0,85.046
2025-12-12,66.5,75.683
2025-12-13,78.0,83.299
2025-12-14,79.0,91.477
2025-12-15,83.0,90.356
2025-12-16,57.34,90.533
2025-12-17,80.0,85.216
2025-12-18,85.0,87.587
2025-12-19,69.0,80.391
2025-12-20,78.0,87.544
2025-12-21,76.0,91.566
2025-12-22,80.0,89.099
2025-12-23,67.6,88.573
2025-12-24,78.0,88.763
2025-12-25,66.0,86.816
2025-12-26,66.0,70.409
2025-12-27,66.0,79.765
2025-12-28,70.0,85.56
2025-12-29,74.0,83.275
2025-12-30,64.6,82.16
2025-12-31,58.0,82.545
2026-01-01,72.4,79.41
2026-01-02,63.0,70.114
2026-01-03,69.0,78.062
2026-01-04,73.0,84.751
2026-01-05,77.0,82.654
2026-01-06,63.4,81.842
2026-01-07,75.0,83.097
2026-01-08,78.0,83.635
2026-01-09,70.0,74.659
2026-01-10,75.0,82.712
2026-01-11,74.0,88.246
2026-01-12,75.8,86.187
2026-01-13,67.0,85.702
2026-01-14,77.8,86.034
2026-01-15,77.0,85.81
2026-01-16,73.0,75.761
2026-01-17,74.2,84.283
2026-01-18,79.0,90.063
2026-01-19,81.7,88.808
2026-01-20,71.0,88.628
2026-01-21,87.0,89.242
2026-01-22,82.0,90.092
2026-01-23,71.0,80.182
2026-01-24,76.4,87.072
2026-01-25,80.0,91.798
2026-01-26,83.0,89.561
2026-01-27,66.0,88.983
2026-01-28,83.0,88.383
2026-01-29,82.7,88.307
2026-01-30,72.0,78.92
2026-01-31,79.0,85.743
2026-02-01,84.0,91.216
2026-02-02,85.0,90.044
2026-02-03,72.4,89.96
2026-02-04,61.0,91.187
2026-02-05,81.0,82.198
2026-02-06,72.0,75.909
2026-02-07,79.0,85.831
2026-02-08,82.0,92.138
2026-02-09,81.0,91.154
2026-02-10,75.8,90.915
2026-02-11,57.34,92.455
2026-02-12,57.34,86.912
2026-02-13,60.0,73.133
2026-02-14,74.0,81.183
2026-02-15,86.0,90.033
2026-02-16,84.0,91.629
2026-02-17,87.6,91.71
2026-02-18,95.0,95.961
2026-02-19,92.0,99.021
2026-02-20,78.0,89.533
2026-02-21,76.0,95.108
2026-02-22,94.6,93.467
2026-02-23,97.0,93.927
2026-02-24,92.0,96.52
2026-02-25,98.0,96.323
2026-02-26,99.0,96.921
2026-02-27,78.6,88.157
2026-02-28,85.0,94.439
2026-03-01,98.0,101.874
2026-03-02,108.6,97.649
2026-03-03,105.0,99.318
2026-03-04,104.0,104.709
2026-03-05,100.7,105.448
2026-03-06,85.0,92.728
2026-03-07,97.0,99.071
2026-03-08,111.0,110.232
2026-03-09,107.5,103.294
2026-03-10,109.0,103.903
2026-03-11,113.0,109.521
2026-03-12,110.0,109.127
2026-03-13,90.8,92.749
2026-03-14,101.0,95.903
2026-03-15,109.0,104.962
2026-03-16,107.0,97.905
2026-03-17,86.5,99.648
2026-03-18,83.0,90.714
2026-03-19,70.0,81.555
2026-03-20,63.0,67.767
2026-03-21,57.34,72.978
2026-03-22,57.34,78.239
2026-03-23,57.34,73.842
2026-03-24,59.0,73.524
2026-03-25,69.3,81.787
2026-03-26,57.34,83.095
2026-03-27,74.0,69.629
2026-03-28,84.0,83.134
2026-03-29,104.0,91.775
2026-03-30,114.0,94.874
2026-03-31,117.35,101.115
2026-04-01,120.7,111.577
2026-04-02,124.0,117.262
2026-04-03,99.0,100.581
2026-04-04,122.0,111.092
2026-04-05,125.0,132.314
2026-04-06,123.5,119.189
2026-04-07,101.6,118.729
2026-04-08,111.0,111.908
2026-04-09,102.0,107.103
2026-04-10,84.0,87.212
2026-04-11,105.0,92.976
2026-04-12,121.0,110.156
2026-04-13,131.0,112.672
2026-04-14,84.0,121.134
2026-04-15,139.0,103.462
2026-04-16,137.0,117.448
2026-04-17,108.0,106.642
2026-04-18,128.0,117.26
2026-04-19,149.3,138.503
2026-04-20,149.0,134.186
2026-04-21,131.0,137.004
2026-04-22,155.5,140.033
2026-04-23,152.0,141.903
2026-04-24,114.7,119.279
2026-04-25,134.0,130.883
2026-04-26,147.3,149.785
2026-04-27,115.0,136.106
2026-04-28,97.0,115.457
2026-04-29,92.0,107.606
2026-04-30,100.0,98.434
2026-05-01,62.7,88.259
2026-05-02,103.0,89.115
2026-05-03,108.0,108.774
2026-05-04,108.7,107.781
2026-05-05,97.5,107.855
2026-05-06,126.0,110.87
2026-05-07,114.0,119.262
2026-05-08,92.0,98.744
2026-05-09,113.0,110.234
2026-05-10,163.0,132.478
2026-05-11,104.0,135.935
2026-05-12,104.8,125.718
2026-05-13,123.0,123.736
2026-05-14,133.0,126.365
2026-05-15,91.0,107.507
2026-05-16,114.0,115.572
2026-05-17,107.4,133.082
2026-05-18,106.5,115.396
2026-05-19,111.0,110.538
2026-05-20,120.4,116.78
2026-05-21,115.0,119.428
2026-05-22,87.8,96.456
2026-05-23,123.0,102.625
2026-05-24,120.6,129.396
2026-05-25,76.5,120.334
2026-05-26,59.0,93.619
2026-05-27,57.34,84.003
2026-05-28,57.34,76.263
2026-05-29,57.34,65.456
2026-05-30,57.34,75.449
2026-05-31,57.34,83.612
2026-06-01,83.0,79.181
2026-06-02,92.0,88.911
2026-06-03,115.5,100.013
2026-06-04,130.0,115.654
2026-06-05,90.8,107.076
2026-06-06,111.0,112.801
2026-06-07,126.0,132.1
2026-06-08,129.0,126.52
2026-06-09,113.6,130.981
2026-06-10,124.0,128.36
2026-06-11,129.0,123.249
2026-06-12,92.0,105.205
2026-06-13,110.3,113.642
2026-06-14,128.6,128.48
2026-06-15,133.0,117.625
2026-06-16,106.0,123.555
2026-06-17,133.4,120.269
2026-06-18,129.0,125.662
2026-06-19,90.0,104.833
2026-06-20,112.0,107.77
2026-06-21,140.4,127.852
2026-06-22,126.7,129.484
2026-06-23,110.5,128.675
2026-06-24,132.0,129.56
2026-06-25,133.0,130.655
2026-06-26,92.4,108.036
2026-06-27,121.5,109.213
2026-06-28,137.0,136.61
