model,substation,n_runs,train_r2,train_r2_std,val_r2,val_r2_std,test_r2,test_r2_std,test_rmse,test_rmse_std,test_mae,test_mae_std,train_rmse,train_rmse_std,train_mae,train_mae_std,val_rmse,val_rmse_std,val_mae,val_mae_std,train_n,val_n,test_n,test_r2_min,test_r2_max,best_seed
BiLSTM,Agargaon,1.0,0.8070282110445486,0.0,0.8137666280155095,0.0,0.7990264105880371,0.0,10.66556492006697,0.0,8.782412508274637,0.0,8.579651377063813,0.0,6.352140387510063,0.0,10.506783127502207,0.0,7.411516377130688,0.0,1397.0,272.0,536,0.7990264105880371,0.7990264105880371,42.0
BiGRU,Agargaon,1.0,0.8654644513400327,0.0,0.8229707740564187,0.0,0.8584868572740659,0.0,8.949788184167323,0.0,7.138945881253971,0.0,7.163763779173507,0.0,4.709042706025569,0.0,10.24385682428284,0.0,6.750727950880194,0.0,1397.0,272.0,536,0.8584868572740659,0.8584868572740659,42.0
BiLSTM+BiGRU,Agargaon,1.0,0.8076012254708824,0.0,0.8224884824605224,0.0,0.7772367165205015,0.0,11.228873113353842,0.0,9.143289718177837,0.0,8.566903609420306,0.0,6.378966499348156,0.0,10.257801317517819,0.0,7.07987381682786,0.0,1397.0,272.0,536,0.7772367165205015,0.7772367165205015,42.0
BiGRU+BiLSTM,Agargaon,1.0,0.8343470868064659,0.0,0.8226313703098361,0.0,0.8112696538532834,0.0,10.335589146445464,0.0,8.513831252211066,0.0,7.949178854922617,0.0,5.456641457830887,0.0,10.253671979137973,0.0,6.924077364732511,0.0,1397.0,272.0,536,0.8112696538532834,0.8112696538532834,42.0
CNN+BiLSTM+BiGRU,Agargaon,1.0,0.8095023460147572,0.0,0.8071251455686186,0.0,0.7593183833383643,0.0,11.67174602931132,0.0,9.465589403819793,0.0,8.524473117443542,0.0,6.197025170259302,0.0,10.69248919971082,0.0,7.17445465514765,0.0,1397.0,272.0,536,0.7593183833383643,0.7593183833383643,42.0
CNN+BiGRU+BiLSTM,Agargaon,1.0,0.7736423560341685,0.0,0.7996032724275717,0.0,0.7380835456053756,0.0,12.175751070039711,0.0,9.639032180137487,0.0,9.29223773100488,0.0,7.252196098488619,0.0,10.898991836143322,0.0,7.798224263182732,0.0,1397.0,272.0,536,0.7380835456053756,0.7380835456053756,42.0
Naive-Persistence,Agargaon,,,,,,0.8398270694091653,,9.521578007935137,,7.130597014925373,,,,,,,,,,,,536,,,
Naive-Seasonal7,Agargaon,,,,,,0.48415970507460904,,17.08724321232114,,12.037313432835822,,,,,,,,,,,,536,,,
BiLSTM,Bangabhaban,1.0,0.7625126562360799,0.0,0.5760622493176699,0.0,0.7812837935968381,0.0,3.303322800686812,0.0,2.535982045547982,0.0,4.312865215257438,0.0,2.9875049672067617,0.0,3.888185372016996,0.0,2.7660873085458952,0.0,1278.0,210.0,536,0.7812837935968381,0.7812837935968381,42.0
BiGRU,Bangabhaban,1.0,0.7417261847798199,0.0,0.5966232374200225,0.0,0.8157931718099533,0.0,3.0315406429527,0.0,2.2558324643146777,0.0,4.49765190080433,0.0,3.0605434331470995,0.0,3.792725001168138,0.0,2.604572931499688,0.0,1278.0,210.0,536,0.8157931718099533,0.8157931718099533,42.0
BiLSTM+BiGRU,Bangabhaban,1.0,0.7514452528014701,0.0,0.5881394543744795,0.0,0.8033090411677236,0.0,3.132584043879639,0.0,2.3544953661445667,0.0,4.4122151547558675,0.0,3.035468755137809,0.0,3.832401590149337,0.0,2.616435895976557,0.0,1278.0,210.0,536,0.8033090411677236,0.8033090411677236,42.0
BiGRU+BiLSTM,Bangabhaban,1.0,0.7215074532765624,0.0,0.6058166906727223,0.0,0.799127763755977,0.0,3.1657053485933853,0.0,2.3425354628265067,0.0,4.67038238014468,0.0,3.1509402245344305,0.0,3.7492554553801916,0.0,2.530026799596476,0.0,1278.0,210.0,536,0.799127763755977,0.799127763755977,42.0
CNN+BiLSTM+BiGRU,Bangabhaban,1.0,0.8143465647361618,0.0,0.5665044628387119,0.0,0.8014712984130561,0.0,3.1471843565887627,0.0,2.463570186243349,0.0,3.813266390778146,0.0,2.3995440771831156,0.0,3.931771151623778,0.0,2.7966607511724564,0.0,1278.0,210.0,536,0.8014712984130561,0.8014712984130561,42.0
CNN+BiGRU+BiLSTM,Bangabhaban,1.0,0.7742314985603463,0.0,0.5946734536742533,0.0,0.8367910550928781,0.0,2.8535304506967405,0.0,2.1613372621807745,0.0,4.2051096628271205,0.0,2.8338641590295754,0.0,3.8018803114966353,0.0,2.564147065398236,0.0,1278.0,210.0,536,0.8367910550928781,0.8367910550928781,42.0
Naive-Persistence,Bangabhaban,,,,,,0.028326961407119988,,6.962586584043211,,4.354477611940299,,,,,,,,,,,,536,,,
Naive-Seasonal7,Bangabhaban,,,,,,0.41775903591090124,,5.389666730205734,,3.0,,,,,,,,,,,,536,,,
BiLSTM,Bashundhara,1.0,0.6924985583512787,0.0,0.5224571074964401,0.0,0.510877920438862,0.0,21.19803241895293,0.0,18.17336553293575,0.0,35.722562694236025,0.0,23.87505995198292,0.0,44.52184469363495,0.0,26.941149214302573,0.0,1289.0,269.0,536,0.510877920438862,0.510877920438862,42.0
BiGRU,Bashundhara,1.0,0.7267725407060804,0.0,0.4975945257462676,0.0,0.781360299012066,0.0,14.172662018841113,0.0,11.15619485451521,0.0,33.672952743098286,0.0,20.680845420734073,0.0,45.66612267243014,0.0,29.422788116395967,0.0,1289.0,269.0,536,0.781360299012066,0.781360299012066,42.0
BiLSTM+BiGRU,Bashundhara,1.0,0.7087975954683698,0.0,0.5114806481988579,0.0,0.3715492486507278,0.0,24.02827219157118,0.0,21.186780647872908,0.0,34.76294068271468,0.0,22.062171394807528,0.0,45.03061140179655,0.0,28.942853823658425,0.0,1289.0,269.0,536,0.3715492486507278,0.3715492486507278,42.0
BiGRU+BiLSTM,Bashundhara,1.0,0.7121115172761612,0.0,0.5132999178638817,0.0,0.6510511899906555,0.0,17.90473010626616,0.0,15.214446515294457,0.0,34.564571273184235,0.0,21.505832749121897,0.0,44.94668510644274,0.0,26.704322218749823,0.0,1289.0,269.0,536,0.6510511899906555,0.6510511899906555,42.0
CNN+BiLSTM+BiGRU,Bashundhara,1.0,0.7102753080111444,0.0,0.5180617046772866,0.0,0.6537851334488862,0.0,17.83445220998906,0.0,14.496143946582055,0.0,34.67462587553832,0.0,21.896095932335275,0.0,44.726269478463784,0.0,25.12156246915238,0.0,1289.0,269.0,536,0.6537851334488862,0.6537851334488862,42.0
CNN+BiGRU+BiLSTM,Bashundhara,1.0,0.6890482991561675,0.0,0.5084068731805064,0.0,0.5890091094707823,0.0,19.431351864271573,0.0,16.175920969515005,0.0,35.92241264355165,0.0,24.47243279233435,0.0,45.17205607967404,0.0,26.843033361304755,0.0,1289.0,269.0,536,0.5890091094707823,0.5890091094707823,42.0
Naive-Persistence,Bashundhara,,,,,,0.7846507419815497,,14.065611181546565,,10.89365671641791,,,,,,,,,,,,536,,,
Naive-Seasonal7,Bashundhara,,,,,,0.27849504855873686,,25.745810954724615,,18.76679104477612,,,,,,,,,,,,536,,,
BiLSTM,Dhanmondi,1.0,0.8317093281527608,0.0,0.7001373406665018,0.0,0.8078346129637936,0.0,12.89440998337203,0.0,9.925867985633777,0.0,15.434065649233874,0.0,11.88830210976276,0.0,16.304281176895703,0.0,11.213196044115564,0.0,1395.0,271.0,536,0.8078346129637936,0.8078346129637936,42.0
BiGRU,Dhanmondi,1.0,0.8493298034456112,0.0,0.7319317217606651,0.0,0.8342948749766752,0.0,11.973796216703246,0.0,9.180888956423798,0.0,14.603736845521203,0.0,10.949814821727388,0.0,15.415697326836915,0.0,10.46974936538957,0.0,1395.0,271.0,536,0.8342948749766752,0.8342948749766752,42.0
BiLSTM+BiGRU,Dhanmondi,1.0,0.8386585476785133,0.0,0.7134424261761341,0.0,0.8173727917432525,0.0,12.570328647880446,0.0,9.718330860510472,0.0,15.112047224465947,0.0,11.500820554661496,0.0,15.938461878700673,0.0,10.951959944387205,0.0,1395.0,271.0,536,0.8173727917432525,0.8173727917432525,42.0
BiGRU+BiLSTM,Dhanmondi,1.0,0.8670042126924136,0.0,0.7245246097832153,0.0,0.8410749788767585,0.0,11.72627381850005,0.0,8.753324118406695,0.0,13.720478685255602,0.0,10.227750088234957,0.0,15.627225021469721,0.0,10.56499777398866,0.0,1395.0,271.0,536,0.8410749788767585,0.8410749788767585,42.0
CNN+BiLSTM+BiGRU,Dhanmondi,1.0,0.900830854635392,0.0,0.7135396251743986,0.0,0.8716875086520939,0.0,10.536548265916654,0.0,7.665643407215381,0.0,11.847824334421466,0.0,8.530280682119846,0.0,15.935758523314401,0.0,10.082425757142891,0.0,1395.0,271.0,536,0.8716875086520939,0.8716875086520939,42.0
CNN+BiGRU+BiLSTM,Dhanmondi,1.0,0.8558581120694313,0.0,0.7128779913291184,0.0,0.8425261907353097,0.0,11.67261224288719,0.0,8.991077717599365,0.0,14.283854711532408,0.0,10.668459650865593,0.0,15.954151217400856,0.0,10.45819942114318,0.0,1395.0,271.0,536,0.8425261907353097,0.8425261907353097,42.0
Naive-Persistence,Dhanmondi,,,,,,0.604187658541907,,18.505829557518904,,14.356902985074628,,,,,,,,,,,,536,,,
Naive-Seasonal7,Dhanmondi,,,,,,0.3523088594947299,,23.672704147219665,,15.450186567164177,,,,,,,,,,,,536,,,
BiLSTM,Gulshan,1.0,0.8333767651092394,0.0,0.7072239751513625,0.0,0.7848068380560409,0.0,12.981164986049663,0.0,9.58986212591182,0.0,9.912240194685145,0.0,7.263465494071881,0.0,15.228478498429578,0.0,10.217567614963574,0.0,1351.0,271.0,536,0.7848068380560409,0.7848068380560409,42.0
BiGRU,Gulshan,1.0,0.8638106549616209,0.0,0.758741501384731,0.0,0.847706572591387,0.0,10.920436970526104,0.0,8.035657472241281,0.0,8.961394619540663,0.0,6.476076819471392,0.0,13.823883651592139,0.0,9.275712425198503,0.0,1351.0,271.0,536,0.847706572591387,0.847706572591387,42.0
BiLSTM+BiGRU,Gulshan,1.0,0.8529427731656751,0.0,0.7368954089370181,0.0,0.8213901491245535,0.0,11.826388461230046,0.0,8.733404574109548,0.0,9.312091237545115,0.0,6.801830456841,0.0,14.4362027437166,0.0,9.577958738012068,0.0,1351.0,271.0,536,0.8213901491245535,0.8213901491245535,42.0
BiGRU+BiLSTM,Gulshan,1.0,0.8556437436255365,0.0,0.7391128646336438,0.0,0.8260073274277637,0.0,11.672527767741883,0.0,8.599195646483507,0.0,9.226178270919293,0.0,6.6586924724716505,0.0,14.375239583676839,0.0,9.627493931138648,0.0,1351.0,271.0,536,0.8260073274277637,0.8260073274277637,42.0
CNN+BiLSTM+BiGRU,Gulshan,1.0,0.8799581473309125,0.0,0.7763656782673072,0.0,0.8571473140746695,0.0,10.576540614255725,0.0,7.551530561006781,0.0,8.413377606799383,0.0,5.963202627167536,0.0,13.309384992572042,0.0,8.526513954370223,0.0,1351.0,271.0,536,0.8571473140746695,0.8571473140746695,42.0
CNN+BiGRU+BiLSTM,Gulshan,1.0,0.8862422176008091,0.0,0.7701564551687972,0.0,0.8629812621462392,0.0,10.358322242284025,0.0,7.482659619913172,0.0,8.190201660009416,0.0,5.784331356482008,0.0,13.49288798773812,0.0,8.433784299890933,0.0,1351.0,271.0,536,0.8629812621462392,0.8629812621462392,42.0
Naive-Persistence,Gulshan,,,,,,0.5555029959262796,,18.656658208864418,,13.380597014925373,,,,,,,,,,,,536,,,
Naive-Seasonal7,Gulshan,,,,,,0.246486245769458,,24.290979544523008,,16.171159751481824,,,,,,,,,,,,536,,,
BiLSTM,Hasnabad,1.0,0.9279089525202021,0.0,0.6767768393697065,0.0,0.5176803037926101,0.0,9.114112226973855,0.0,7.086776256828166,0.0,11.33878969592033,0.0,8.06246278756497,0.0,9.605378067856389,0.0,7.395834222930824,0.0,1358.0,271.0,536,0.5176803037926101,0.5176803037926101,42.0
BiGRU,Hasnabad,1.0,0.925395121992491,0.0,0.6914837517761512,0.0,0.5485830884408023,0.0,8.81730341911428,0.0,6.782023527106244,0.0,11.534788737718225,0.0,8.245904129278326,0.0,9.384307881470596,0.0,7.204896898287249,0.0,1358.0,271.0,536,0.5485830884408023,0.5485830884408023,42.0
BiLSTM+BiGRU,Hasnabad,1.0,0.928435766922527,0.0,0.6887595630629636,0.0,0.5404000001588836,0.0,8.896862594423402,0.0,6.903371452773685,0.0,11.297283913339049,0.0,8.065740645019575,0.0,9.425648394064527,0.0,7.246480356943123,0.0,1358.0,271.0,536,0.5404000001588836,0.5404000001588836,42.0
BiGRU+BiLSTM,Hasnabad,1.0,0.7844477104931306,0.0,0.6527967591660347,0.0,0.45864958731674976,0.0,9.655752148517037,0.0,7.386005163515238,0.0,19.606602877829584,0.0,14.042645882239047,0.0,9.955317427656725,0.0,7.735137806937264,0.0,1358.0,271.0,536,0.45864958731674976,0.45864958731674976,42.0
CNN+BiLSTM+BiGRU,Hasnabad,1.0,0.9254854256043673,0.0,0.666327164028461,0.0,0.47472275978951994,0.0,9.511328141759305,0.0,7.391619682801304,0.0,11.527805625429364,0.0,8.281821848805418,0.0,9.759412019839726,0.0,7.655961939549534,0.0,1358.0,271.0,536,0.47472275978951994,0.47472275978951994,42.0
CNN+BiGRU+BiLSTM,Hasnabad,1.0,0.9275517944567103,0.0,0.6534003304990077,0.0,0.4552063796007916,0.0,9.686410721290809,0.0,7.66374152347223,0.0,11.366842670789833,0.0,8.14179477538908,0.0,9.946660599110592,0.0,7.7584856979521435,0.0,1358.0,271.0,536,0.4552063796007916,0.4552063796007916,42.0
Naive-Persistence,Hasnabad,,,,,,0.527028910652838,,9.025352455184146,,6.224440298507463,,,,,,,,,,,,536,,,
Naive-Seasonal7,Hasnabad,,,,,,-0.23467097729412645,,14.5821812863065,,11.074350139255873,,,,,,,,,,,,536,,,
BiLSTM,Kalyanpur,1.0,0.8598461672876829,0.0,0.8629707005586224,0.0,0.8455415421936766,0.0,7.186484706535935,0.0,5.497100573311103,0.0,7.077104713920297,0.0,5.103450073107802,0.0,8.05769015789,0.0,5.530537102715117,0.0,1398.0,271.0,536,0.8455415421936766,0.8455415421936766,42.0
BiGRU,Kalyanpur,1.0,0.8772691927043197,0.0,0.8719001801401786,0.0,0.8623539158641713,0.0,6.78410543573094,0.0,5.077269595950397,0.0,6.622621392651944,0.0,4.6309350533291,0.0,7.790729117632996,0.0,5.329753230418665,0.0,1398.0,271.0,536,0.8623539158641713,0.8623539158641713,42.0
BiLSTM+BiGRU,Kalyanpur,1.0,0.8680211965740641,0.0,0.8669842884162595,0.0,0.8556416098525823,0.0,6.947549883122984,0.0,5.283118530774296,0.0,6.867603692716123,0.0,4.879120876860723,0.0,7.938808313365813,0.0,5.434045979457588,0.0,1398.0,271.0,536,0.8556416098525823,0.8556416098525823,42.0
BiGRU+BiLSTM,Kalyanpur,1.0,0.8693498346732152,0.0,0.8669902011753776,0.0,0.8585999369529056,0.0,6.875993541642897,0.0,5.168261246227505,0.0,6.832947973887261,0.0,4.886768664498528,0.0,7.938631865101403,0.0,5.486328066715013,0.0,1398.0,271.0,536,0.8585999369529056,0.8585999369529056,42.0
CNN+BiLSTM+BiGRU,Kalyanpur,1.0,0.8766434044227046,0.0,0.8628536574512253,0.0,0.8517410217141818,0.0,7.040786252361866,0.0,5.285764705667747,0.0,6.639483863829303,0.0,4.702307899323999,0.0,8.06113064761934,0.0,5.5352117513818495,0.0,1398.0,271.0,536,0.8517410217141818,0.8517410217141818,42.0
CNN+BiGRU+BiLSTM,Kalyanpur,1.0,0.8811956854453317,0.0,0.866524953745563,0.0,0.8516337316840346,0.0,7.043333381587815,0.0,5.277410626633841,0.0,6.515822405087072,0.0,4.545430795317557,0.0,7.952503790261188,0.0,5.504573244450277,0.0,1398.0,271.0,536,0.8516337316840346,0.8516337316840346,42.0
Naive-Persistence,Kalyanpur,,,,,,0.8301192630717802,,7.53672600045737,,5.268656716417911,,,,,,,,,,,,536,,,
Naive-Seasonal7,Kalyanpur,,,,,,0.3665322188970377,,14.553683433843725,,10.626865671641792,,,,,,,,,,,,536,,,
BiLSTM,Lalbag,1.0,0.765074452659801,0.0,0.6539085676216372,0.0,0.6412694280173432,0.0,8.077883445735852,0.0,6.298897911484937,0.0,8.131659597513318,0.0,5.947917458139179,0.0,10.631446913007972,0.0,7.99759046836373,0.0,1398.0,272.0,527,0.6412694280173432,0.6412694280173432,42.0
BiGRU,Lalbag,1.0,0.8002215204457319,0.0,0.7724774551303999,0.0,0.7142392356290024,0.0,7.209658383772787,0.0,5.766894196935236,0.0,7.498742114742778,0.0,5.1974233653949575,0.0,8.620037777443434,0.0,6.6436113897009825,0.0,1398.0,272.0,527,0.7142392356290024,0.7142392356290024,42.0
BiLSTM+BiGRU,Lalbag,1.0,0.7905388664311717,0.0,0.7380970282792272,0.0,0.7481877223202487,0.0,6.767867353487855,0.0,5.203343676579178,0.0,7.678312637037838,0.0,5.403699281831967,0.0,9.248411901021145,0.0,7.042934103494183,0.0,1398.0,272.0,527,0.7481877223202487,0.7481877223202487,42.0
BiGRU+BiLSTM,Lalbag,1.0,0.7981025654275176,0.0,0.7675283616231069,0.0,0.7298606483920642,0.0,7.009827229603199,0.0,5.610143741573959,0.0,7.538405010774032,0.0,5.238601586458212,0.0,8.713285391162938,0.0,6.7144326021062115,0.0,1398.0,272.0,527,0.7298606483920642,0.7298606483920642,42.0
CNN+BiLSTM+BiGRU,Lalbag,1.0,0.8331421086950896,0.0,0.7426941486770655,0.0,0.7534384589373417,0.0,6.696934563803245,0.0,5.082252267188545,0.0,6.853105883383693,0.0,4.593804750398803,0.0,9.166884977368525,0.0,6.815991490234568,0.0,1398.0,272.0,527,0.7534384589373417,0.7534384589373417,42.0
CNN+BiGRU+BiLSTM,Lalbag,1.0,0.8293561373194269,0.0,0.742050456426544,0.0,0.7576376422550755,0.0,6.639662003849471,0.0,4.980342136153798,0.0,6.930417580918816,0.0,4.709156558804629,0.0,9.17834403871561,0.0,6.979937793716573,0.0,1398.0,272.0,527,0.7576376422550755,0.7576376422550755,42.0
Naive-Persistence,Lalbag,,,,,,0.7697892577996024,,6.471071225720603,,4.466793168880455,,,,,,,,,,,,527,,,
Naive-Seasonal7,Lalbag,,,,,,-0.25135102751847005,,15.087002586956215,,8.893738140417458,,,,,,,,,,,,527,,,
BiLSTM,Madartek,1.0,0.8668299702398705,0.0,0.80416216096727,0.0,0.8665670238308072,0.0,5.715065124267476,0.0,4.485267353649393,0.0,5.664896548180142,0.0,4.087922893863498,0.0,6.963780471672998,0.0,5.011619302218452,0.0,1394.0,272.0,528,0.8665670238308072,0.8665670238308072,42.0
BiGRU,Madartek,1.0,0.883256628954439,0.0,0.8284506552989686,0.0,0.88315251624635,0.0,5.348097047539029,0.0,4.144696218795849,0.0,5.304016295518722,0.0,3.7019585935029613,0.0,6.517653968180493,0.0,4.517820113125969,0.0,1394.0,272.0,528,0.88315251624635,0.88315251624635,42.0
BiLSTM+BiGRU,Madartek,1.0,0.8782470110451054,0.0,0.8109748494029615,0.0,0.8768485418126898,0.0,5.490468148416554,0.0,4.310682075122992,0.0,5.416622266085841,0.0,3.806843439364536,0.0,6.8415824329088455,0.0,4.867945131580619,0.0,1394.0,272.0,528,0.8768485418126898,0.8768485418126898,42.0
BiGRU+BiLSTM,Madartek,1.0,0.873360594159194,0.0,0.8156495787180625,0.0,0.8784853802535694,0.0,5.453858465713382,0.0,4.2596684236192335,0.0,5.524247997918166,0.0,3.9411820080683944,0.0,6.756454164739824,0.0,4.744858721258008,0.0,1394.0,272.0,528,0.8784853802535694,0.8784853802535694,42.0
CNN+BiLSTM+BiGRU,Madartek,1.0,0.8557546644979681,0.0,0.7903959330976694,0.0,0.8619281953284137,0.0,5.813559180844715,0.0,4.613884661576964,0.0,5.8957576598416,0.0,4.319582742113979,0.0,7.2043801365747955,0.0,5.238316745240899,0.0,1394.0,272.0,528,0.8619281953284137,0.8619281953284137,42.0
CNN+BiGRU+BiLSTM,Madartek,1.0,0.8777279641875749,0.0,0.7747725237183878,0.0,0.8588021835170654,0.0,5.879001724024691,0.0,4.623035877626953,0.0,5.428155825730418,0.0,3.760071563021182,0.0,7.468054057711229,0.0,5.5516074827050454,0.0,1394.0,272.0,528,0.8588021835170654,0.8588021835170654,42.0
Naive-Persistence,Madartek,,,,,,0.8647420463498579,,5.754015182435389,,4.067594696969697,,,,,,,,,,,,528,,,
Naive-Seasonal7,Madartek,,,,,,0.44195827478927685,,11.687535244437216,,8.885047348484848,,,,,,,,,,,,528,,,
BiLSTM,Maniknagar,1.0,0.8012406280456805,0.0,0.7041881856979598,0.0,0.789527684658255,0.0,6.629913101801779,0.0,5.0520115757556185,0.0,7.92006835633232,0.0,5.7064451593023815,0.0,7.8160686880513435,0.0,5.832151426270439,0.0,1394.0,271.0,525,0.789527684658255,0.789527684658255,42.0
BiGRU,Maniknagar,1.0,0.8231999518401627,0.0,0.7314204276732064,0.0,0.8169443265659547,0.0,6.183038398154802,0.0,4.727577748185112,0.0,7.469754206232719,0.0,5.224026786353189,0.0,7.447612955652359,0.0,5.5225653356951545,0.0,1394.0,271.0,525,0.8169443265659547,0.8169443265659547,42.0
BiLSTM+BiGRU,Maniknagar,1.0,0.8218393979312257,0.0,0.7151165883942472,0.0,0.8021591829100798,0.0,6.427887916555081,0.0,4.894509655748095,0.0,7.498440640623599,0.0,5.24868389299217,0.0,7.670332500751077,0.0,5.736718347591667,0.0,1394.0,271.0,525,0.8021591829100798,0.8021591829100798,42.0
BiGRU+BiLSTM,Maniknagar,1.0,0.8239337251731038,0.0,0.7290747597208775,0.0,0.7997254199163684,0.0,6.467303791724346,0.0,4.951095127151126,0.0,7.454237227054244,0.0,5.179534117216874,0.0,7.480064510575495,0.0,5.564901700868818,0.0,1394.0,271.0,525,0.7997254199163684,0.7997254199163684,42.0
CNN+BiLSTM+BiGRU,Maniknagar,1.0,0.8324008161021773,0.0,0.7312189820012278,0.0,0.8050794897772895,0.0,6.380270867188126,0.0,4.937330990689142,0.0,7.272790405033232,0.0,5.089985635735555,0.0,7.450405439401831,0.0,5.428664394740249,0.0,1394.0,271.0,525,0.8050794897772895,0.8050794897772895,42.0
CNN+BiGRU+BiLSTM,Maniknagar,1.0,0.8364609832616147,0.0,0.7249218274515823,0.0,0.8048551399371068,0.0,6.383941597123933,0.0,4.8895564028194975,0.0,7.184156974711203,0.0,5.005142372598608,0.0,7.537176320316948,0.0,5.513146612257096,0.0,1394.0,271.0,525,0.8048551399371068,0.8048551399371068,42.0
Naive-Persistence,Maniknagar,,,,,,0.7820011287218575,,6.747415731049855,,4.876190476190477,,,,,,,,,,,,525,,,
Naive-Seasonal7,Maniknagar,,,,,,0.39590863777280927,,11.232118063414228,,8.06952380952381,,,,,,,,,,,,525,,,
BiLSTM,Matual,1.0,0.7615687509105562,0.0,0.5865909928200849,0.0,0.781914581199151,0.0,6.063415022860179,0.0,4.547378404178698,0.0,6.628207836599436,0.0,4.9306321370755155,0.0,7.241866187930281,0.0,5.396487043009086,0.0,1398.0,272.0,499,0.781914581199151,0.781914581199151,42.0
BiGRU,Matual,1.0,0.7832450241011729,0.0,0.6608223468550296,0.0,0.8118064570517314,0.0,5.632566655255371,0.0,4.161031268115991,0.0,6.319737927076834,0.0,4.5996237070349,0.0,6.559551467496678,0.0,4.870253751032494,0.0,1398.0,272.0,499,0.8118064570517314,0.8118064570517314,42.0
BiLSTM+BiGRU,Matual,1.0,0.7672498495560884,0.0,0.6289258090225052,0.0,0.8034552204830316,0.0,5.756184915721226,0.0,4.302464150068518,0.0,6.5487666565246965,0.0,4.881396229703712,0.0,6.8610550381726085,0.0,5.070091032631259,0.0,1398.0,272.0,499,0.8034552204830316,0.8034552204830316,42.0
BiGRU+BiLSTM,Matual,1.0,0.8023055410765672,0.0,0.6863148072815066,0.0,0.8319160834794768,0.0,5.32312984809179,0.0,3.9323574947928632,0.0,6.035479502385627,0.0,4.354349193586644,0.0,6.3082302672379065,0.0,4.580914966849721,0.0,1398.0,272.0,499,0.8319160834794768,0.8319160834794768,42.0
CNN+BiLSTM+BiGRU,Matual,1.0,0.8436055228207502,0.0,0.6608867744589128,0.0,0.8342393379725691,0.0,5.286213712398227,0.0,3.8931081043694444,0.0,5.368157348773013,0.0,3.7586457061665253,0.0,6.558928436688451,0.0,4.5717626744333435,0.0,1398.0,272.0,499,0.8342393379725691,0.8342393379725691,42.0
CNN+BiGRU+BiLSTM,Matual,1.0,0.8020510919458639,0.0,0.6650155864108208,0.0,0.8075034417009015,0.0,5.696596584535571,0.0,4.244357043564441,0.0,6.039362334227187,0.0,4.4692705989736705,0.0,6.518877630039046,0.0,4.630193773087334,0.0,1398.0,272.0,499,0.8075034417009015,0.8075034417009015,42.0
Naive-Persistence,Matual,,,,,,0.7437363146579878,,6.572756061538339,,4.680561122244489,,,,,,,,,,,,499,,,
Naive-Seasonal7,Matual,,,,,,0.12032287073815251,,12.177710098638947,,7.764729458917836,,,,,,,,,,,,499,,,
BiLSTM,Mirpur,1.0,0.8973313109126964,0.0,0.8351035322788642,0.0,0.7781537468775224,0.0,8.858893947972534,0.0,6.7963935929786565,0.0,7.84442702673057,0.0,5.758563746651395,0.0,11.45424146496674,0.0,8.361761449634866,0.0,1396.0,272.0,528,0.7781537468775224,0.7781537468775224,42.0
BiGRU,Mirpur,1.0,0.900875658582017,0.0,0.8556873742423929,0.0,0.805346079110018,0.0,8.298221664844016,0.0,6.389188372138744,0.0,7.7078344162267,0.0,5.700563529114581,0.0,10.715509414685211,0.0,7.64863755674074,0.0,1396.0,272.0,528,0.805346079110018,0.805346079110018,42.0
BiLSTM+BiGRU,Mirpur,1.0,0.9110264964649708,0.0,0.8393447640714119,0.0,0.7832755542068536,0.0,8.756033291695413,0.0,6.709875953213283,0.0,7.302516804123709,0.0,5.212349199031061,0.0,11.30597706086079,0.0,8.135570387664965,0.0,1396.0,272.0,528,0.7832755542068536,0.7832755542068536,42.0
BiGRU+BiLSTM,Mirpur,1.0,0.896972478784884,0.0,0.8481925514973212,0.0,0.7973111799412638,0.0,8.467756304374047,0.0,6.500744678791413,0.0,7.858123399308274,0.0,5.814470715911733,0.0,10.99024055312637,0.0,7.920840891893844,0.0,1396.0,272.0,528,0.7973111799412638,0.7973111799412638,42.0
CNN+BiLSTM+BiGRU,Mirpur,1.0,0.9066713052395116,0.0,0.8405187810489056,0.0,0.7795017969872546,0.0,8.831937373582232,0.0,6.646607410297021,0.0,7.479108178469239,0.0,5.461253350437605,0.0,11.264591084845325,0.0,7.951800857856322,0.0,1396.0,272.0,528,0.7795017969872546,0.7795017969872546,42.0
CNN+BiGRU+BiLSTM,Mirpur,1.0,0.9049701845601601,0.0,0.8351203532562022,0.0,0.74820150808713,0.0,9.438000933505421,0.0,7.226125118491433,0.0,7.546961974615596,0.0,5.4648078834896845,0.0,11.453657230347918,0.0,8.307357005626512,0.0,1396.0,272.0,528,0.74820150808713,0.74820150808713,42.0
Naive-Persistence,Mirpur,,,,,,0.7510901575268818,,9.383708076913265,,7.125,,,,,,,,,,,,528,,,
Naive-Seasonal7,Mirpur,,,,,,0.022115717031908066,,18.5993251445673,,13.111742424242424,,,,,,,,,,,,528,,,
BiLSTM,Narinda,1.0,0.7719430601814102,0.0,0.6099005134514651,0.0,0.7106083125043163,0.0,7.668501186886308,0.0,6.077444645635255,0.0,7.735650468417309,0.0,5.825137271761138,0.0,9.019371659762283,0.0,6.866622063509353,0.0,1398.0,272.0,536,0.7106083125043163,0.7106083125043163,42.0
BiGRU,Narinda,1.0,0.8201818836256314,0.0,0.6866031827245944,0.0,0.810360499351833,0.0,6.207716351563321,0.0,4.733026207733983,0.0,6.868974655072131,0.0,4.960533649699285,0.0,8.0841783218516,0.0,5.9685296817847036,0.0,1398.0,272.0,536,0.810360499351833,0.810360499351833,42.0
BiLSTM+BiGRU,Narinda,1.0,0.8149353304296915,0.0,0.6755903275607351,0.0,0.8057634825298086,0.0,6.282505890007309,0.0,4.877074253807929,0.0,6.968462222416109,0.0,5.0690042249237495,0.0,8.224992129994185,0.0,6.048743256025345,0.0,1398.0,272.0,536,0.8057634825298086,0.8057634825298086,42.0
BiGRU+BiLSTM,Narinda,1.0,0.8162591183588586,0.0,0.6755681718543776,0.0,0.8048459012381488,0.0,6.297327813805571,0.0,4.871390722928319,0.0,6.9434944046701395,0.0,5.046232193019588,0.0,8.225272989991025,0.0,6.036856876980678,0.0,1398.0,272.0,536,0.8048459012381488,0.8048459012381488,42.0
CNN+BiLSTM+BiGRU,Narinda,1.0,0.8522997251500292,0.0,0.7194040001500293,0.0,0.8507980006896606,0.0,5.506235528754015,0.0,4.149620285396701,0.0,6.225379678064131,0.0,4.373495614206757,0.0,7.649434523783393,0.0,5.571561954038985,0.0,1398.0,272.0,536,0.8507980006896606,0.8507980006896606,42.0
CNN+BiGRU+BiLSTM,Narinda,1.0,0.847656616317994,0.0,0.7068145256972236,0.0,0.834172510819476,0.0,5.80491313783351,0.0,4.392589566158826,0.0,6.322473105584582,0.0,4.500772906933646,0.0,7.819154934972371,0.0,5.700093751622583,0.0,1398.0,272.0,536,0.834172510819476,0.834172510819476,42.0
Naive-Persistence,Narinda,,,,,,0.35899033464009666,,11.412998284883173,,8.095149253731343,,,,,,,,,,,,536,,,
Naive-Seasonal7,Narinda,,,,,,0.14945658475154844,,13.146668325461835,,9.098880597014926,,,,,,,,,,,,536,,,
BiLSTM,Savar,1.0,0.7781675320920309,0.0,0.6885009633125769,0.0,0.6746402627515866,0.0,21.909539519925577,0.0,17.11306971738448,0.0,16.292931907400657,0.0,12.360068506217765,0.0,19.311847473207777,0.0,13.793677007745513,0.0,1386.0,272.0,533,0.6746402627515866,0.6746402627515866,42.0
BiGRU,Savar,1.0,0.8147322705470005,0.0,0.7299772760413461,0.0,0.726177725987622,0.0,20.0995221259391,0.0,15.428554495958858,0.0,14.88972156519048,0.0,11.25853517943248,0.0,17.9802458515473,0.0,12.820954731481477,0.0,1386.0,272.0,533,0.726177725987622,0.726177725987622,42.0
BiLSTM+BiGRU,Savar,1.0,0.8120664560396686,0.0,0.7211631514193941,0.0,0.6855661971407296,0.0,21.538525053118644,0.0,17.247599817796246,0.0,14.996462948767318,0.0,11.434505829664124,0.0,18.27134640921643,0.0,13.277166709886759,0.0,1386.0,272.0,533,0.6855661971407296,0.6855661971407296,42.0
BiGRU+BiLSTM,Savar,1.0,0.815690594870531,0.0,0.7176943896880379,0.0,0.693702896489041,0.0,21.25801898506785,0.0,16.827096974697344,0.0,14.851162009720497,0.0,11.266726674762745,0.0,18.384643941100702,0.0,13.303246637177386,0.0,1386.0,272.0,533,0.693702896489041,0.693702896489041,42.0
CNN+BiLSTM+BiGRU,Savar,1.0,0.8018014781590763,0.0,0.7052941939025021,0.0,0.6929797822931424,0.0,21.28309743534089,0.0,16.785678499042724,0.0,15.400573461313192,0.0,11.711818559448968,0.0,18.784075050099922,0.0,13.218997341306771,0.0,1386.0,272.0,533,0.6929797822931424,0.6929797822931424,42.0
CNN+BiGRU+BiLSTM,Savar,1.0,0.8082259536728679,0.0,0.7085985735229894,0.0,0.6781255465213705,0.0,21.79187505066158,0.0,17.438649544690733,0.0,15.148917586658417,0.0,11.466951480887467,0.0,18.67847026646208,0.0,13.306437323962285,0.0,1386.0,272.0,533,0.6781255465213705,0.6781255465213705,42.0
Naive-Persistence,Savar,,,,,,0.46939080480090967,,27.97942154546376,,20.652908067542214,,,,,,,,,,,,533,,,
Naive-Seasonal7,Savar,,,,,,0.0024604863499991803,,38.363338991954706,,24.474671669793622,,,,,,,,,,,,533,,,
BiLSTM,Shyampur,1.0,0.7802435872247924,0.0,0.5947939438093612,0.0,0.7211882520882955,0.0,17.311045947748113,0.0,12.847189411138846,0.0,13.561434292302875,0.0,10.166427323941,0.0,16.641295926879017,0.0,12.642371602293284,0.0,1347.0,269.0,521,0.7211882520882955,0.7211882520882955,42.0
BiGRU,Shyampur,1.0,0.7875017082323645,0.0,0.7013965747805531,0.0,0.7512331005755043,0.0,16.351743695393253,0.0,11.893882612787946,0.0,13.33560020464781,0.0,10.368098426008542,0.0,14.285537064149722,0.0,10.637196714629914,0.0,1347.0,269.0,521,0.7512331005755043,0.7512331005755043,42.0
BiLSTM+BiGRU,Shyampur,1.0,0.7780541171125278,0.0,0.6493012854850297,0.0,0.727491026494718,0.0,17.114262086950507,0.0,12.600313830722888,0.0,13.628824279592179,0.0,10.26573960001635,0.0,15.4816151285738,0.0,11.855975728734053,0.0,1347.0,269.0,521,0.727491026494718,0.727491026494718,42.0
BiGRU+BiLSTM,Shyampur,1.0,0.75665397127693,0.0,0.651113585976072,0.0,0.7254863404340045,0.0,17.17709645167336,0.0,12.669318590859762,0.0,14.270755880982376,0.0,11.138938020921982,0.0,15.441561259866207,0.0,11.838090687600207,0.0,1347.0,269.0,521,0.7254863404340045,0.7254863404340045,42.0
CNN+BiLSTM+BiGRU,Shyampur,1.0,0.771894066729625,0.0,0.6598816481653962,0.0,0.7455667741011187,0.0,16.53692233267626,0.0,12.035774585029216,0.0,13.816662092853022,0.0,10.817243474611061,0.0,15.246291279616235,0.0,11.101859568851587,0.0,1347.0,269.0,521,0.7455667741011187,0.7455667741011187,42.0
CNN+BiGRU+BiLSTM,Shyampur,1.0,0.7909294425047972,0.0,0.6715369413093704,0.0,0.7475293269894774,0.0,16.473020672123553,0.0,12.045686322164055,0.0,13.227607025233366,0.0,10.3149246277133,0.0,14.982781502142105,0.0,11.120907910082863,0.0,1347.0,269.0,521,0.7475293269894774,0.7475293269894774,42.0
Naive-Persistence,Shyampur,,,,,,0.6573490733617191,,19.190828743685923,,14.145873320537428,,,,,,,,,,,,521,,,
Naive-Seasonal7,Shyampur,,,,,,-0.31044541278767324,,37.529885724004195,,23.293666026871403,,,,,,,,,,,,521,,,
BiLSTM,Ullon,1.0,0.562403309832527,0.0,0.7615933552024023,0.0,0.6226983477647756,0.0,5.976494272373467,0.0,4.5638203382950735,0.0,10.755640099907268,0.0,5.144753030163336,0.0,6.328147898006059,0.0,4.626284936454477,0.0,1385.0,272.0,536,0.6226983477647756,0.6226983477647756,42.0
BiGRU,Ullon,1.0,0.5714082807305108,0.0,0.7816304123807831,0.0,0.6508120161085498,0.0,5.749522784914949,0.0,4.285729460756277,0.0,10.64439875095819,0.0,5.051277338009173,0.0,6.0563856225714705,0.0,4.407010751511792,0.0,1385.0,272.0,536,0.6508120161085498,0.6508120161085498,42.0
BiLSTM+BiGRU,Ullon,1.0,0.5648233183418385,0.0,0.7715425923982993,0.0,0.6398773345598081,0.0,5.838850856431594,0.0,4.40803907106769,0.0,10.725858308585584,0.0,5.112938716043413,0.0,6.194696947734775,0.0,4.4729478332263355,0.0,1385.0,272.0,536,0.6398773345598081,0.6398773345598081,42.0
BiGRU+BiLSTM,Ullon,1.0,0.5662292170804457,0.0,0.7761996415553747,0.0,0.6450804611088746,0.0,5.796516926995189,0.0,4.3385635209828575,0.0,10.708518604855064,0.0,5.117231593073593,0.0,6.131233157320366,0.0,4.490103181321722,0.0,1385.0,272.0,536,0.6450804611088746,0.6450804611088746,42.0
CNN+BiLSTM+BiGRU,Ullon,1.0,0.5575895809091032,0.0,0.7555591253071153,0.0,0.5603233359814401,0.0,6.4516212259326196,0.0,4.7603863448229795,0.0,10.814636350780043,0.0,5.0771320436476355,0.0,6.407732266369836,0.0,4.542810711267076,0.0,1385.0,272.0,536,0.5603233359814401,0.5603233359814401,42.0
CNN+BiGRU+BiLSTM,Ullon,1.0,0.5361446299860883,0.0,0.7600186504614965,0.0,0.5267061830199871,0.0,6.693720429262946,0.0,4.94730593521287,0.0,11.073643598406196,0.0,5.584444903544145,0.0,6.349012592603039,0.0,4.5168871953628775,0.0,1385.0,272.0,536,0.5267061830199871,0.5267061830199871,42.0
Naive-Persistence,Ullon,,,,,,0.7693240488102588,,4.67308105720029,,3.0690298507462686,,,,,,,,,,,,536,,,
Naive-Seasonal7,Ullon,,,,,,0.07534761901943043,,9.35602557458234,,6.815298507462686,,,,,,,,,,,,536,,,
BiLSTM,Uttara,1.0,0.8718843489593341,0.0,0.789196989541556,0.0,0.7911498248789455,0.0,7.36728095064804,0.0,5.568188497177116,0.0,6.306513440157917,0.0,4.5498081395074195,0.0,8.45554820154494,0.0,6.163527157919701,0.0,1383.0,272.0,536,0.7911498248789455,0.7911498248789455,42.0
BiGRU,Uttara,1.0,0.8800160792550769,0.0,0.8065686112413377,0.0,0.8181342244861469,0.0,6.87488280959567,0.0,5.227875931137449,0.0,6.103089746950058,0.0,4.319431381645845,0.0,8.099660957742033,0.0,5.793350487834337,0.0,1383.0,272.0,536,0.8181342244861469,0.8181342244861469,42.0
BiLSTM+BiGRU,Uttara,1.0,0.8763483433549709,0.0,0.8024616369950057,0.0,0.8053110648733335,0.0,7.113125069456392,0.0,5.395101813794905,0.0,6.195668907888984,0.0,4.428003201872078,0.0,8.185196134714994,0.0,5.905909168481936,0.0,1383.0,272.0,536,0.8053110648733335,0.8053110648733335,42.0
BiGRU+BiLSTM,Uttara,1.0,0.8781292199591267,0.0,0.8049844056235259,0.0,0.8164893769063387,0.0,6.905902062037742,0.0,5.238710274209699,0.0,6.150890945650763,0.0,4.376739007139757,0.0,8.132761487382336,0.0,5.907400884238236,0.0,1383.0,272.0,536,0.8164893769063387,0.8164893769063387,42.0
CNN+BiLSTM+BiGRU,Uttara,1.0,0.8767593537519228,0.0,0.7986404505216611,0.0,0.7977024503310302,0.0,7.25078656344437,0.0,5.450322342421025,0.0,6.185363328411317,0.0,4.463009686462921,0.0,8.263984247715126,0.0,6.015012249219068,0.0,1383.0,272.0,536,0.7977024503310302,0.7977024503310302,42.0
CNN+BiGRU+BiLSTM,Uttara,1.0,0.8838859431486172,0.0,0.8142667702777514,0.0,0.8172059352918205,0.0,6.892406052877518,0.0,5.141011107041597,0.0,6.003861029638916,0.0,4.273112004396498,0.0,7.936849964756742,0.0,5.656213937767726,0.0,1383.0,272.0,536,0.8172059352918205,0.8172059352918205,42.0
Naive-Persistence,Uttara,,,,,,0.7773763180895784,,7.606335733030859,,5.875,,,,,,,,,,,,536,,,
Naive-Seasonal7,Uttara,,,,,,0.13065150701786643,,15.030961516299536,,10.943097014925373,,,,,,,,,,,,536,,,
BiLSTM,Uttara New,1.0,0.8111140034716562,0.0,0.6506538676816975,0.0,0.8308288936470479,0.0,6.644279584136893,0.0,4.493127138544289,0.0,6.134143896973102,0.0,3.558736856698182,0.0,6.922439197475252,0.0,4.780393370207137,0.0,1346.0,269.0,531,0.8308288936470479,0.8308288936470479,42.0
BiGRU,Uttara New,1.0,0.786457556322242,0.0,0.6663021157020029,0.0,0.8305207847502796,0.0,6.650327396993243,0.0,4.6977325801215954,0.0,6.522231098674885,0.0,4.350083044907559,0.0,6.765624756009165,0.0,4.748899610239775,0.0,1346.0,269.0,531,0.8305207847502796,0.8305207847502796,42.0
BiLSTM+BiGRU,Uttara New,1.0,0.8135603018786812,0.0,0.6647039536356348,0.0,0.8381382656557939,0.0,6.499155061623593,0.0,4.437470702594126,0.0,6.094292213602023,0.0,3.5237642496594814,0.0,6.7818065333624,0.0,4.67433234584985,0.0,1346.0,269.0,531,0.8381382656557939,0.8381382656557939,42.0
BiGRU+BiLSTM,Uttara New,1.0,0.8114135045076216,0.0,0.6629527880816192,0.0,0.8287806407486603,0.0,6.6843816417427835,0.0,4.602096792341903,0.0,6.129278763159517,0.0,3.5583495410695316,0.0,6.799493291185537,0.0,4.702429518820957,0.0,1346.0,269.0,531,0.8287806407486603,0.8287806407486603,42.0
CNN+BiLSTM+BiGRU,Uttara New,1.0,0.828576665568933,0.0,0.6228349764935701,0.0,0.8206653827812684,0.0,6.840957134049778,0.0,4.629926862625194,0.0,5.843715281094444,0.0,3.242679859179821,0.0,7.1927818021798995,0.0,5.084061147790528,0.0,1346.0,269.0,531,0.8206653827812684,0.8206653827812684,42.0
CNN+BiGRU+BiLSTM,Uttara New,1.0,0.6832032640465244,0.0,0.6308192260658397,0.0,0.8006840944211107,0.0,7.212001072203251,0.0,5.153136502246736,0.0,7.9440949781996295,0.0,6.417033734976035,0.0,7.1162421554969715,0.0,5.207697202368851,0.0,1346.0,269.0,531,0.8006840944211107,0.8006840944211107,42.0
Naive-Persistence,Uttara New,,,,,,0.8329272481928738,,6.602944044628667,,3.7796610169491527,,,,,,,,,,,,531,,,
Naive-Seasonal7,Uttara New,,,,,,0.5024054068610779,,11.39521779961072,,7.997175141242938,,,,,,,,,,,,531,,,
